output_id,blind_model,prompt_id,prompt_category,length_condition,response,human_formulaicness_notes,human_imagery,human_mood,human_originality_notes,human_person,human_plot_arc_or_poetic_mode,human_setting,human_tense
83f8fc5d3bdd,Model A,story_open,story,open,"At the edge of a small town stood a clock tower that had been broken for twenty years. Its hands were frozen at 11:47, and no one remembered exactly when it had stopped. Children dared each other to touch its door, and old people said time felt stranger after it broke.

One rainy afternoon, a girl named Mira took shelter beneath the tower. She was carrying a letter she had never sent to her older brother, who had left town years before. With nowhere else to go, she read the letter aloud to the rain, her voice shaking at first, then steady.

When she finished, the tower gave a deep, rusty click.

Mira looked up. The long hand trembled, then moved forward by a single minute.

The next day, she returned with another letter—this one to her mother, apologizing for words said in anger. Again, she read it aloud. Again, the tower moved.

Soon the townspeople noticed. A baker came with a confession. A widower came with the name he still whispered in empty rooms. A boy came with a thank-you he’d been too embarrassed to say.

Each truth nudged the clock onward.

By the end of summer, the whole town gathered in the square as the hands crept toward midnight. Mira stood at the front, holding one last letter—addressed to herself. She read it softly: forgiving her mistakes, her fears, and all the things she had carried too long.

The clock began to ring.

Twelve clear notes rolled over the rooftops, through open windows, across gardens and porches and quiet hearts. And when the final bell faded, the people looked at one another as if waking from a long sleep.

The tower had not been broken after all.

It had only been waiting for the town to speak honestly enough to make time move again.",,,,,,,,
2be47284459e,Model D,animal_open,animal,open,"# The Velhorn Glider

## Description

The **Velhorn Glider** (*Planaptus serenalis*) is a medium-sized mammal roughly the size of a large house cat, weighing between 4–7 kilograms.

---

## Appearance

- **Body:** Sleek and elongated, covered in dense, silver-blue fur that shifts to a deep teal along the spine
- **Wings:** Wide membrane flaps stretch between its forelimbs and hindlimbs, similar to a flying squirrel, edged in a warm amber color
- **Head:** Broad, rounded skull with large amber eyes adapted for low-light vision
- **Horn:** A single short, ridged horn sits above its brow — used for display and gentle sparring
- **Tail:** Long and feathered at the tip, used for steering during glides

---

## Behavior & Habitat

- Lives in **dense, misty highland forests**
- Glides between tall trees, covering up to **60 meters** in a single leap
- **Nocturnal** and generally peaceful
- Feeds on fruit, insects, and tree sap

---

## Unique Trait

The Velhorn Glider can **hum at a low frequency** through its horn, which it uses to communicate with others across long distances through the forest fog.

---

A gentle, elegant creature of the night sky. 🌙",,,,,,,,
88ed97bede95,Model A,animal_lt10,animal,lt10,"The **Glowtail Mallowfox** is a small, cat-sized forest animal with moss-green fur and a tail that glows softly at night.  
It has oversized ears shaped like leaves, which help it hear insects moving under bark.  
Its round silver eyes can see clearly in moonlight, but it naps through most bright afternoons.  
The Mallowfox eats berries, moths, and flower nectar, using a long pink tongue like a hummingbird’s.  
When frightened, it puffs out its fur and releases a sweet marshmallow-like scent to confuse predators.  
It lives in hollow trees lined with feathers, petals, and stolen bits of soft cloth.  
Young Mallowfoxes chirp instead of bark, and their tails do not glow until their first winter.",,,,,,,,
273122e50952,Model D,poem_lt10,poem,lt10,"Here's a short poem:

**The Quiet Hour**

The sun slips behind the hill,
Painting the sky in gold and rose.
The world grows soft and still,
As the tired daylight goes.
Stars appear one by one,
Whispering the night has begun.",,,,,,,,
90f1ef793bfd,Model D,story_open,story,open,"# The Last Light

Clara found the old lighthouse on a Tuesday.

It sat at the edge of town, forgotten and salt-worn, its light dead for thirty years. Everyone said it was useless now. *GPS makes lighthouses obsolete*, her neighbors would say, waving their hands like they were brushing away a cobweb.

But Clara climbed the spiral stairs anyway.

At the top, she found a logbook. The last entry read:

*""Storm coming. Keeping the light on. Someone might need it.""*

The date was her birthday. Thirty years ago.

She looked out at the gray ocean and thought about her father, the fisherman who never came home that winter. The one her mother never talked about.

She ran her fingers over the handwriting.

She already knew those loops. That careful cursive. She had grown up watching it sign birthday cards and grocery lists.

Her hands were shaking when she climbed back down.

That evening, she called an electrician.

A week later, the lighthouse glowed again — warm and gold against the dark water.

*Someone might need it*, she thought.

And she left it on.

---

*Sometimes the best way to hold onto someone is to carry on what they started.*",,,,,,,,
94618b01395d,Model B,poem_lt10,poem,lt10,"Beneath the hush of evening skies,  
The world unwinds its quiet ties;  
A single star begins to glow,  
And far-off dreams start to overflow.  
I breathe in light, I let it be—  
Tomorrow waits, soft as a sea.",,,,,,,,
93c206ec7eb7,Model C,animal_lt5,animal,lt5,"**The Glimmerfox**

The Glimmerfox is a small, nocturnal mammal native to misty mountain forests, with silver-blue fur that faintly glows when moonlight touches it. It has oversized amber eyes, tufted ears, and a long bushy tail tipped in white that it uses for balance while leaping between branches. Glimmerfoxes feed mostly on luminescent insects and sweet tree sap, which is believed to be the source of their shimmering coat. They live in small family groups and communicate through soft, bell-like chirps that echo eerily through the trees at night.",,,,,,,,
752b99fcdac8,Model C,story_lt10,story,lt10,"**The Lighthouse Keeper's Last Letter**

Every night for forty years, Elias lit the lamp at Gull's Point, guiding ships through the fog. He lived alone, save for the gulls and the letters he wrote to his late wife, Maren, sealing them in bottles and casting them into the sea. One stormy evening, a bottle washed ashore at his feet—weathered, salt-crusted, achingly familiar. Inside was his very first letter, written the night Maren died. But beneath his faded handwriting was a new line, in ink that shimmered like moonlight: *""I've been reading them all, my love.""* Elias smiled for the first time in decades. That night, the lamp burned brighter than ever, though no one was there to light it. The villagers found him at dawn, peaceful, a single bottle clutched to his chest—empty, save for the scent of the sea.",,,,,,,,
e4db5fda3207,Model A,animal_lt5,animal,lt5,"The glimberfox is a small forest animal with silver fur, owl-like eyes, and a long tail that glows faintly at night. It glides between trees using thin skin folds along its sides and feeds on berries, insects, and moonlit moss. Gentle but curious, it makes soft chiming sounds to communicate with its family.",,,,,,,,
8878b8f14ee7,Model A,poem_open,poem,open,"At the edge of morning, light begins  
like a thought the sky almost forgot—  
soft gold gathering on window glass,  
dust turning briefly into stars.

A bird writes one note into the air,  
and silence answers, bright and wide.  
The trees, half-waking, lift their hands;  
the road unrolls its ribbon of maybe.

Somewhere, a kettle starts to sing.  
Somewhere, a name is spoken kindly.  
The day, still small, still unpromised,  
opens its palms and offers blue.

And we, with our pockets full of questions,  
step into it anyway—  
hoping for bread, for beauty, for mercy,  
finding sometimes all three in the same hour.",,,,,,,,
382489a6bbd4,Model E,story_lt5,story,lt5,"At dawn, Mira found a glass key half-buried in the garden, humming softly in her palm. When she turned it in the air, a door appeared in the old oak tree, opening into a room filled with stars and the sound of distant rain. She stepped inside, and the room gently folded around her memories, returning the one she had lost most: her brother’s laugh. By sunset, the tree stood silent again, but Mira carried the key in her pocket, warm as a heartbeat.",,,,,,,,
9ed12c2bcac4,Model F,poem_open,poem,open,"# Whispers of the Wind

The trees bend low to listen close,
as whispers drift through morning mist,
carrying tales of distant coasts
and moments that we've gently missed.

A bird takes flight on silver wings,
tracing paths across the blue,
while somewhere deep, a heartstring sings
of all the things we long to do.

The sun spills gold on dewy grass,
each blade a tiny mirror bright,
and slowly, gently, seasons pass
from endless day to endless night.

In quiet spaces, soft and still,
we find the peace we didn't seek,
the world unmeasured, calm, and chill—
in silence, there is much to speak.",,,,,,,,
15da057c89bf,Model C,animal_lt10,animal,lt10,"**The Lumifox**

The Lumifox is a small, nocturnal mammal native to misty mountain forests. It resembles a fox, but with translucent, jellyfish-like fur that glows faintly blue when startled. Its tail splits into three feathery plumes, which it uses for balance while leaping between tree branches. Lumifoxes feed primarily on glowing fungi and small insects, which contribute to their bioluminescence. They communicate through soft, bell-like chimes rather than barks or howls. A single Lumifox bonds with one mate for life and shares a hollow burrow lined with shed fur. Despite their delicate appearance, they are fiercely territorial and will flash bright warning pulses at intruders. Sadly, their numbers are dwindling due to habitat loss and the rare beauty of their pelts.",,,,,,,,
eb6b6b087e87,Model A,story_lt10,story,lt10,"At the edge of town stood a clock shop that had not sold a clock in twenty years.  
Every night, old Mr. Vale wound them all anyway, whispering each customer’s name as if they might return.  
One rainy evening, a girl stepped inside and pointed to a tiny brass watch that had stopped at 7:14.  
“That was the minute my mother left,” she said, and Mr. Vale placed the watch in her palm without asking for money.  
When she wound it, every clock in the shop began chiming at once, not loudly, but like distant laughter.  
In the layered music, she heard her mother’s voice say, “I’m sorry I was late.”  
The girl cried, then smiled, and for the first time in twenty years, Mr. Vale sold a clock.",,,,,,,,
4d0eb7c9a75b,Model E,story_lt10,story,lt10,"On the night the moon vanished, Elian found a silver key lying in the middle of the road.  
It fit no lock he knew, until he noticed the old maple tree in his yard had a tiny door at its roots.  
Inside was a room no bigger than a tea chest, lit by a single floating candle and filled with letters addressed to people who had not yet been born.  
One letter was written in his own handwriting, though Elian had never seen it before.  
It thanked him for keeping the world gentle when it would have been easier to grow hard.  
When he looked up, the moon was back, hanging low and bright above the rooftops.  
The key had turned to warm light in his palm, and the little door was gone.  
From then on, whenever the dark felt close, Elian remembered that somewhere, even tomorrow was being cared for.",,,,,,,,
b28cc79ad0af,Model F,animal_lt10,animal,lt10,"# The Luminox

The Luminox is a small, bioluminescent creature about the size of a fox, with a sleek, translucent body that glows softly in shades of blue and green. It has large, reflective eyes adapted for low-light environments and four slender legs ending in padded feet for silent movement. Along its spine runs a ridge of crystalline structures that pulse with gentle light, helping it navigate the deep forests where it lives. The Luminox is herbivorous, feeding primarily on phosphorescent fungi and glowing moss. It's primarily nocturnal and lives in small family groups, using its light patterns to communicate with others. Despite its delicate appearance, it's surprisingly hardy and can survive in harsh underground cave systems. The creature produces a faint humming sound when content, which many consider soothing. Luminoxes are gentle and curious, often approaching humans without fear if not threatened.",,,,,,,,
98390d551fe4,Model C,animal_lt10,animal,lt10,"**The Lumifox**

The Lumifox is a small, nocturnal mammal native to the misty highland forests of subarctic regions. About the size of a house cat, it has silvery-blue fur that softly glows in the dark due to bioluminescent bacteria living in its coat. Its oversized ears swivel independently, allowing it to pinpoint prey beneath snow or fallen leaves. The Lumifox hunts insects, small rodents, and berries, using its glow to attract curious moths. It lives in burrows dug beneath the roots of ancient pines, often sharing tunnels with mated pairs for life. Mothers give birth to litters of two or three kits, who are born blind but already faintly luminous. When threatened, a Lumifox can briefly intensify its glow to startle predators before darting into the underbrush. Indigenous folklore considers spotting one a sign of good fortune for the coming season.",,,,,,,,
f6d95f069908,Model A,animal_open,animal,open,"**Animal:** **Glintfox**

The **Glintfox** is a small forest animal about the size of a house cat. It has soft silver-blue fur that looks plain in the shade, but in sunlight it shimmers with tiny specks of gold, like frost mixed with starlight. Its ears are large and thin, almost leaf-shaped, helping it catch the faintest sounds. The tail is long, fluffy, and tipped with bright white fur that glows faintly at dusk.

Glintfoxes live in cool pine forests and mossy hills. They are shy, gentle, and mostly active in the early morning and evening. They eat berries, mushrooms, insects, and flower nectar, making them unusual among fox-like animals. Their front paws are very dexterous, so they can peel bark, open seed pods, and even stack shiny pebbles near their dens.

What makes the Glintfox special is its defense mechanism: when frightened, the specks in its fur flash brightly for a second, startling predators and giving it time to dart away. Because of this, many people in stories consider it a symbol of quick thinking, luck, and quiet beauty.",,,,,,,,
0de27ef27d6e,Model B,story_lt10,story,lt10,"Mara found a brass key tucked inside a book that wasn’t hers.  
The key was warm, as if someone had just held it in their palm.  
When she turned it in the lock of a door at the end of the hallway, the air inside tasted like rain.  
A small room unfolded behind the door, filled with objects she recognized from her own memories.  
She saw her first bike, her favorite storybook, and a cracked mug she’d forgotten she owned.  
Then a soft voice whispered from the shadows, “Everything you lose is only misplaced.”  
Mara laughed through the sudden ache in her chest.  
She picked up the mug, feeling its weight settle into her hands like a promise.  
When she stepped back into the hallway, the door was gone—but the key was still warm.",,,,,,,,
2dbf1a010f45,Model B,story_lt10,story,lt10,"Mara found a brass key on the kitchen windowsill, warm as if someone had just set it down.  
It didn’t match any lock in her small apartment, but she kept turning it over in her pocket anyway.  
That night, she followed the faint clicking sound it seemed to “point” toward—the hallway closet door.  
When she unlocked the closet, it didn’t open onto coats; it opened onto a narrow staircase descending into moonlit air.  
At the bottom, a single door waited, carved with the same pattern as the key’s teeth.  
Mara turned the key and stepped through, expecting a dream.  
Instead, she emerged in her own living room, unchanged, except for one thing: the window was open, and her first breath of fresh air had her own name written on it.  
She realized the key wasn’t meant to escape her life, but to finally begin it.",,,,,,,,
b10b1ea19060,Model F,poem_lt5,poem,lt5,"# Whisper

Moonlight falls on silent snow,
Stars above and peace below,
Dreams drift soft as shadows go.",,,,,,,,
3e8797ac3e75,Model E,poem_open,poem,open,"Sure — here’s an original poem:

**When Morning Learns Your Name**

The day arrives in quiet shoes,  
soft as breath on window glass,  
and paints the edges of the room  
with gold that does not ask to stay.

A sparrow taps the silence once,  
then twice, as if it knows a song  
that only dawn is brave enough  
to sing before the world wakes up.

The coffee warms its little storm,  
the kettle hums a patient note,  
and every ordinary thing  
begins to glow by being seen.

I think the heart is much the same—  
a house with lamps not yet turned on,  
waiting for one small spark of light  
to make the shadows step aside.

So let the morning lift its face;  
let time unclose its careful hand.  
Even the smallest, waking hope  
can teach the dark to understand.

If you want, I can also write one that’s:
- romantic
- dark/melancholy
- nature-themed
- funny
- very short
- in a specific style like Shakespeare, haiku, or free verse",,,,,,,,
984b31777cad,Model A,poem_lt10,poem,lt10,"Morning spills gold on the sleeping street,  
Pigeons stitch shadows beneath my feet.  
A window hums with the scent of bread,  
While clouds drift soft where dreams have fled.  
The day begins with a quiet flame,  
And nothing ordinary stays the same.",,,,,,,,
0b78c46480e8,Model F,animal_lt5,animal,lt5,"# The Glimmerwing

A small, bioluminescent creature about the size of a house cat with translucent, moth-like wings that shimmer with soft blue and green light. Its body is covered in fine, silky fur that shifts between silver and lavender depending on its mood. It feeds on night-blooming flowers and spends its days sleeping in hollow trees. The Glimmerwing is nocturnal and solitary, using its glow to attract mates during breeding season.",,,,,,,,
d45784835178,Model E,poem_lt10,poem,lt10,"Moonlight spills on silent stone,  
Rivers hum in undertone.  
Stars awake in silver thread,  
Dreams drift softly overhead.  
Morning waits with golden flame,  
Whispering each secret name.",,,,,,,,
0a825705b5e3,Model C,story_lt10,story,lt10,"**The Lighthouse Keeper's Letter**

Every evening for forty years, Elias lit the lamp and wrote a letter to his late wife, Maren. He sealed each one in a bottle and cast it into the churning sea below. He never expected a reply—the letters were prayers, not questions.

On the morning of his eightieth birthday, a single bottle washed ashore at his feet. Inside was a note in handwriting he hadn't seen in four decades: *I've read them all. Keep writing.*

Elias smiled, tucked the note into his coat, and climbed the spiral stairs to light the lamp once more.",,,,,,,,
df5d96ed63d6,Model F,story_lt10,story,lt10,"# The Last Library

When the digital plague erased all online data, Maya discovered her grandmother's forgotten house still held the answer—a library of paper books gathering dust in the attic. She spent weeks reading everything: history, science, medicine, philosophy. Word spread quietly through the community, and people began arriving at her door, desperate for knowledge that no longer existed anywhere else. The government sent officials to confiscate what they called ""illegal data storage,"" but by then, a dozen families had already copied every page by hand. Years later, Maya smiled as she watched her daughter teach a classroom full of children from handwritten manuscripts, the old words becoming new again. Sometimes the future, she realized, was simply the past refusing to be forgotten.",,,,,,,,
0916e4802db6,Model E,poem_lt10,poem,lt10,"Moonlight drifts on a quiet sea,  
Silver hush where thoughts run free.  
Winds hum softly through the pine,  
Borrowing peace from stars that shine.  
Night folds gently, warm and deep,  
Cradling the world in dreamless sleep.",,,,,,,,
3a453d9e9444,Model B,animal_lt5,animal,lt5,"The glimmerfox is a small, dusk-colored fox with shimmering fur that reflects starlight like a living constellation. It hunts at night by sensing tiny vibrations in the ground and can sprint in sudden, silent bursts. When threatened, it releases a faint sparkling mist that confuses predators for a moment. By dawn, it curls up in hollow trees, leaving behind a trail of soft, fading light.",,,,,,,,
4c9fc3752205,Model C,story_lt5,story,lt5,"The lighthouse keeper had never believed in ghosts, until the night the lamp lit itself. She climbed the spiral stairs, heart pounding, and found a small boy made of mist staring out at the storm. ""My father's ship is coming,"" he whispered, ""and I've been waiting a hundred years to guide him home."" She sat beside him in silence, and together they watched the waves until dawn.",,,,,,,,
f3dabeaf2c9a,Model B,story_open,story,open,"Mara found the key on a Tuesday, the kind of Tuesday that felt like it had forgotten to be interesting.

It was tucked under the third loose floorboard in her grandmother’s attic, wrapped in oilskin and tied with a ribbon the color of dried roses. No label. No note. Just the key—cold, heavy, and strangely familiar, as if she’d dreamed it before.

She carried it downstairs and tried it in every lock she could find.

The kitchen cabinet: wrong.
The back door: wrong.
The trunk with the brittle photographs: wrong.

Finally, at dusk, she noticed a narrow brass keyhole in the hallway mirror’s frame—something she’d walked past all her life without seeing. The mirror was new, probably installed after her grandmother moved to the smaller house. But the keyhole was old.

Mara held the key to it and turned.

The mirror rippled like water, and the reflection shifted. Her hallway remained, yes—but behind her, where the wall should have been, there was now an archway made of light. Dust motes drifted through it as if time had its own weather.

Mara should have stepped back. She should have called someone, taken a picture, checked the locks again.

Instead, she went through.

The other side was a room that looked like her grandmother’s attic—but older. The boards were darker, the air smelled faintly of peppermint and smoke, and the trunks were stacked in a careful, familiar way. The ribbon on Mara’s key seemed brighter here, as if it recognized the place.

At the center sat a small table with a single teacup waiting, untouched steam rising from it in slow spirals.

Across from the table, a woman sat with her back to Mara. Her hair was pinned the same way as in the old photographs. Her hands rested around something invisible, as though she was holding a story between her palms.

“Mara,” the woman said without turning.",,,,,,,,
3b3ac4ab7ea9,Model D,story_lt5,story,lt5,"Here is a short story:

Sarah found an old letter hidden beneath the floorboards of her grandmother's house, sealed with red wax and addressed to no one. Inside was a map leading deep into the forest behind the property, marked with a single word: *tonight*. With trembling hands and a lantern, she followed the path until she reached a clearing where dozens of candles burned in a perfect circle. In the center sat her grandmother, very much alive, smiling as if she had been waiting for years.",,,,,,,,
1b28b6415df6,Model C,poem_open,poem,open,"**Whispers of the Quiet Hour**

The evening folds its golden wings,
Across the hills where silence sings,
And shadows stretch like patient hands
To trace the edge of fading lands.

A single star begins to bloom,
A pearl set free from twilight's loom,
While rivers hum their ancient tune
Beneath the rising amber moon.

The wind, a wanderer passing through,
Brushes the grass with breath of dew,
And carries off, on quiet streams,
The day's small joys, the mind's soft dreams.

So linger here, where stillness grows,
Where every leaf and current knows
That peace is not a place we find—
But something carried in the mind.

---

Would you like another poem in a different style or mood—perhaps something playful, romantic, or melancholy?",,,,,,,,
dd3a597644b5,Model E,story_lt10,story,lt10,"On the night the moon forgot to rise, Mara found a key under the roots of the old oak.  
It was warm in her hand, as if it had just been waiting for her.  
She followed the silver thread of her lantern light to a door standing alone in the field, with no walls around it.  
When she turned the key, the door opened onto a quiet sea of stars, each one humming softly like a distant choir.  
A small fox with wings stepped through first and bowed as if welcoming a guest to a long-lost home.  
Mara laughed, stepped forward, and left her fear behind in the grass.  
By morning, the moon returned, shining a little brighter than before, as though it had learned something too.",,,,,,,,
d731025267ea,Model B,animal_open,animal,open,"**Name:** Tundrabyte  

**Description:** Tundrabyte is a small, wolf-sized creature built for cold climates. Its fur is a mix of pale silver and deep blue, and each hair looks slightly “sparked,” helping it blend into icy landscapes while reflecting faint moonlight. Instead of a typical nose, it has a short, rounded snout with tiny whiskers that can detect heat differences as small as a finger-length away.

Its eyes are amber and slightly luminescent, but they don’t just glow—they “pulse” softly when it’s tracking movement. Along its spine, Tundrabyte has a row of flexible plates that act like natural heat shields, turning inward to trap warmth or spreading outward to release it when temperatures change.

**Abilities:**
- **Frost-Sense:** It can sense the presence of living creatures through subtle changes in warmth.
- **Ice-Soft Paws:** Its paws are padded with a cold-resistant gel that prevents slipping on slick ice.
- **Camouflage Flicker:** When threatened, it briefly shifts its fur’s reflectivity, making it harder to spot.

**Habitat:** Snowy tundras, glacier edges, and wind-swept plains where it hunts small animals and scavenges frozen remains.  

**Personality:** Curious but cautious—Tundrabyte investigates unfamiliar objects, then retreats quickly if it senses danger.",,,,,,,,
c7eb348e6339,Model C,poem_lt5,poem,lt5,"Moonlight spills on quiet streams,
Whispering soft to sleeping trees—
Night exhales its silver dreams.",,,,,,,,
8bb88aa14a12,Model D,poem_lt10,poem,lt10,"Here is a short poem:

**The Quiet Hour**

The sun dips low behind the hill,
The world grows soft and calm and still.
A gentle breeze stirs through the trees,
Carrying the scent of flowers on the breeze.
Night wraps the earth in velvet sleep,
And all the stars their vigil keep.",,,,,,,,
9167b0a58df6,Model E,animal_lt5,animal,lt5,"I created the **glimmerfox**, a small fox-like animal with silver fur and faint blue spots that glow at night. It has oversized ears for hearing tiny sounds and a fluffy tail that leaves a trail of sparkles when it runs. The glimmerfox lives in moonlit forests and is known for being curious, gentle, and very quick.",,,,,,,,
3f4804c83695,Model F,story_lt10,story,lt10,"# The Last Letter

Maria found the unopened envelope in her grandmother's desk, addressed to her in shaky handwriting dated thirty years ago. With trembling hands, she unfolded the yellowed paper and read words her grandmother had never spoken aloud: a confession of a youthful mistake, an apology for the distance between them, and a declaration of love she was too proud to say in person. Tears streamed down Maria's face as she realized her grandmother had spent decades carrying this regret. That evening, Maria placed the letter in a frame and hung it where she could see it every morning. From that day forward, she made a promise to tell the people she loved exactly how she felt, never waiting for a final letter to say the words that mattered most.",,,,,,,,
b3937f2bce5d,Model A,story_lt5,story,lt5,"At dusk, Mara found a brass key buried beneath the rosebush that had never bloomed. When she touched it to the old attic door, the house exhaled and a warm light spilled through the cracks. Inside, she discovered a tiny summer meadow swaying under a painted sky, and in its center stood her grandmother, smiling as if she'd only been gone a minute. Mara stepped through, and by morning the rosebush outside had opened with a hundred red flowers.",,,,,,,,
f61f592f8323,Model B,animal_open,animal,open,"Here’s a made-up animal I created:

### **The Lumenhart (a small, glowing forest “cat” with a big heart)**
**Appearance:**  
The Lumenhart is about the size of a medium dog, with soft, velvety fur the color of twilight blue. Along its spine and ears, it has faint glowing markings that look like tiny constellations. When it’s calm, the glow is gentle and warm; when it’s excited or frightened, the light brightens and pulses.

**Habitat:**  
It lives deep in old forests where sunlight barely reaches the ground. It prefers places with thick moss, hidden caves, and misty clearings—where its glow can be seen but doesn’t fully give away its location.

**Behavior:**  
The Lumenhart moves silently, using its padded paws to sneak through leaf litter. It’s mostly nocturnal and communicates by “light signals”—short bursts of glow to warn others about danger or to call mates.

**Diet:**  
It eats insects, small roots, and fruit that grows near underground water. It has a long, flexible tongue that can taste the air for scents and “map” the direction of food.

**Special ability:**  
When threatened, the Lumenhart can create a brief halo of bright light around itself, confusing predators long enough to escape. Once it’s safe, the glow slowly fades back to a steady, cozy shimmer.

**Personality:**  
Curious but cautious, it’s known for forming temporary “friend circles” with other forest animals—never staying with the same group for too long, but always leaving behind a trail of tiny glowing specks in its wake.

If you want, I can also create a **second animal** that connects to this one (like a predator, companion, or relative), or design one for a specific world (space, ocean, desert, etc.).",,,,,,,,
8fa62b3a745b,Model F,story_lt5,story,lt5,"# The Lighthouse Keeper's Last Light

For forty years, Marcus tended the lighthouse beam that guided ships safely past the rocky shore, though he'd never learned to swim. On his final night before retirement, a terrible storm rolled in and the light suddenly failed. Without hesitation, he climbed to the tower and manually rotated the mirror, his arthritic hands burning as he kept the beam turning through the endless night. When dawn broke, he discovered his vigilance had saved three fishing boats that would have been lost in the darkness. As he descended the stairs for the last time, Marcus smiled—he had finally become the anchor he always was meant to be.",,,,,,,,
c8d413e8b6e2,Model E,animal_open,animal,open,"Here’s an original animal:

**Name:** Luminfox  
**Type:** Small nocturnal mammal  
**Habitat:** Misty forests and moonlit grasslands

The **Luminfox** is a fox-sized creature with soft silver fur that glows faintly in the dark, like moonlight caught in a cloud. Its tail is long and feathery, tipped with blue-green light that flickers when it’s excited or alarmed. It has large amber eyes that help it see in near-total darkness, and delicate ears that can rotate independently to catch the faintest sounds.

Luminfoxes are gentle, curious animals that feed on glowing mushrooms, night-blooming flowers, and small insects. They are known for “singing” to one another with soft chiming calls that sound like wind through glass. When threatened, they can dim their glow instantly and vanish into the shadows of the forest.

Despite their magical appearance, Luminfoxes are shy and peaceful. In some legends, they’re said to guide lost travelers safely home by leaving faint glowing pawprints along the path.

If you want, I can also create:
- a **more realistic animal**
- a **fantasy creature**
- or a **full biology profile** for the animal",,,,,,,,
bd59d6e361b9,Model D,animal_lt5,animal,lt5,"## The Velk

The Velk is a fox-sized mammal covered in soft, iridescent blue-green scales that shift color depending on its mood. It has four ears — two for hearing and two specialized for detecting electromagnetic fields, allowing it to sense approaching storms or hidden prey underground. Its long, prehensile tail ends in a bioluminescent tip it uses to lure insects at night. Despite its reptilian appearance, it is warm-blooded and nurses its young like any mammal.",,,,,,,,
df170c16f2ff,Model D,animal_open,animal,open,"# The Velkori

## Appearance

The Velkori is a medium-sized creature roughly the size of a large dog, standing about 2.5 feet tall at the shoulder. It has:

- **A sleek, otter-like body** covered in deep blue-black fur that shimmers with an iridescent purple sheen in sunlight
- **Six legs**, with the front two being longer and more dexterous, almost like arms
- **Large, amber eyes** with horizontal pupils that give it exceptional wide-angle vision
- **A broad, flat tail** used for balance and swimming
- **Two small, curved horns** on its head made of a translucent material, similar to fingernails

---

## Behavior & Abilities

- It is **highly intelligent** and has been observed using sticks and rocks as simple tools
- It communicates through a combination of **clicking sounds and low rumbling vibrations**
- It can **hold its breath for up to 12 minutes**, hunting fish and crustaceans in rivers
- It is **mostly nocturnal**, using its large eyes to navigate in darkness

---

## Habitat

The Velkori lives along **forested riverbanks** in temperate climates, building elaborate dens beneath tree roots.

---

## Diet

Omnivorous — fish, berries, insects, and small rodents.",,,,,,,,
dcccd153d06f,Model D,story_lt10,story,lt10,"Here is a short story:

**The Last Light**

Maya climbed to the top of the old lighthouse every evening, just as her grandmother had done before her. The village below had long forgotten why the light still burned, since no ships had sailed those waters in decades. But Maya kept the flame alive anyway, polishing the great lens and winding the clockwork mechanism with careful hands. One stormy night, she spotted a small boat tossing wildly in the waves, its engine dead and its passengers clinging to the rails. She cranked the light to its fullest brightness and rang the old fog bell until her arms ached. By morning, the boat had found the shore, and a young man climbed the lighthouse steps to thank her. He looked at the ancient mechanism with wide eyes and asked how she had known to keep it running all these years. Maya smiled and looked out at the calm sea. ""My grandmother said the light was never really for the ships,"" she said quietly. ""It was to remind us that someone is always watching over the dark.""",,,,,,,,
66c46df11580,Model F,animal_lt5,animal,lt5,"# The Glimmerwhisk

A small, fox-sized creature with iridescent fur that shifts between soft blues and purples depending on the light. It has long, feathery antennae that glow faintly at dusk and help it navigate through dense forests. The Glimmerwhisk is nocturnal and feeds on bioluminescent insects, which cause its fur to shimmer more brightly after eating. It's shy and solitary, communicating with other Glimmerwhisks through gentle chirping sounds and subtle changes in its glow patterns.",,,,,,,,
5aa1e384692b,Model B,poem_open,poem,open,"In a quiet room of late-afternoon light,  
The hours soften, turning bright  
As dust-motes drift—small, shy sparks—  
And silence hums in half-closed arcs.

A window breathes against the pane,  
Letting in the scent of rain,  
So every thought, unbuttoned, finds  
New paths through blooming, sleepless minds.

We carry days like folded string,  
Tangled at the edges of spring;  
Yet even when the knot feels tight,  
Hope waits—patient with the night.

So if your heart grows suddenly thin,  
Like paper near a searching wind,  
Fold it back into something true:  
A gentle word—then, something new.",,,,,,,,
04df6c7a20bb,Model B,poem_lt10,poem,lt10,"Under moonlit skies I roam,  
Chasing dreams that softly home.  
The night hums low, a gentle tune,  
My restless heart becomes a boon.  
In dawn’s bright gold, I’ll start anew—  
With every breath, I learn my “true.”",,,,,,,,
e2ef538ad2d9,Model C,poem_open,poem,open,"**Whispers of the Quiet Hour**

The morning hums in shades of gold,
Where dewdrops cling to stories untold,
And shadows stretch like lazy cats
On windowsills and welcome mats.

The river writes in cursive blue,
A letter only mountains knew,
While clouds, like thoughts that drift and stray,
Forget themselves and float away.

A bird recites her favorite song
To no one, all the morning long,
And somewhere in the rustling trees,
The world remembers how to breathe.

So pause a moment, soft and slow—
Let hurry loose its hold and go.
The quiet hour has much to say
For those who choose to hear today.",,,,,,,,
2973b7720b3e,Model E,animal_lt5,animal,lt5,"The glimfox is a small forest animal with silver fur, oversized ears, and a tail that glows softly at night. It lives in hollow trees and uses its light to find berries and guide lost creatures home. The glimfox is shy, gentle, and known for making a quiet chiming sound when it is happy.",,,,,,,,
4c2c16d2542c,Model D,poem_lt10,poem,lt10,"Here is a short poem:

**The Quiet Hour**

The sun slips behind the hill,
And the world grows soft and still.
Stars appear one by one,
Whispering of the day now done.
In the quiet, I find peace,
And let all my worries cease.",,,,,,,,
26d1f5ee6488,Model A,poem_open,poem,open,"Morning slips through the blinds  
in thin gold ribbons,  
laying quiet hands  
on the table, the cup,  
the unfinished note.

Outside, the trees  
practice their oldest language—  
a green whisper,  
a thousand small yeses  
to the wind.

Somewhere, a door opens.  
Somewhere, someone laughs.  
The day, still half-dreaming,  
gathers itself like a bird  
and lifts.

And here you are,  
heart full of weather,  
standing at the edge  
of all that ordinary light,  
learning again how to shine.",,,,,,,,
293edf871097,Model F,poem_open,poem,open,"# Quiet Morning

The sun spills gold across the floor,
A gentle knock upon the door
Of sleep, now fading soft and slow—
The world awakens, all aglow.

A sparrow sings its simple song,
The day has waited far too long
To stretch its arms and stretch its wings,
To offer all the light it brings.

The coffee steams, the kettle sighs,
A new beginning in disguise,
And in this moment, calm and still,
There's hope enough to climb the hill.",,,,,,,,
