blind_model,prompt_category,length_condition,constraint_compliant_heuristic_counts,constraint_compliant_heuristic_top,constraint_compliant_heuristic_top_share,dominant_imagery_heuristic_counts,dominant_imagery_heuristic_top,dominant_imagery_heuristic_top_share,dominant_mood_heuristic_counts,dominant_mood_heuristic_top,dominant_mood_heuristic_top_share,dominant_plot_arc_heuristic_counts,dominant_plot_arc_heuristic_top,dominant_plot_arc_heuristic_top_share,dominant_setting_heuristic_counts,dominant_setting_heuristic_top,dominant_setting_heuristic_top_share,ending_valence_heuristic_counts,ending_valence_heuristic_top,ending_valence_heuristic_top_share,first_bigram_counts,first_bigram_top,first_bigram_top_share,first_person_pronouns_mean,first_person_pronouns_median,first_word_counts,first_word_top,first_word_top_share,formulaicness_score_heuristic_mean,formulaicness_score_heuristic_median,hybrid_entity_candidate_count_mean,hybrid_entity_candidate_count_median,invented_entity_candidate_count_mean,invented_entity_candidate_count_median,line_count_nonempty_mean,line_count_nonempty_median,n,person_heuristic_counts,person_heuristic_top,person_heuristic_top_share,poetic_mode_heuristic_counts,poetic_mode_heuristic_top,poetic_mode_heuristic_top_share,real_animal_count_mean,real_animal_count_median,refusal_like_rate,second_person_pronouns_mean,second_person_pronouns_median,sentence_count_heuristic_mean,sentence_count_heuristic_median,stanza_count_heuristic_mean,stanza_count_heuristic_median,tense_heuristic_counts,tense_heuristic_top,tense_heuristic_top_share,third_person_pronouns_mean,third_person_pronouns_median,truncated_400ish_rate,type_token_ratio_mean,type_token_ratio_median,word_count_mean,word_count_median
Model A,animal,lt10,"{""yes"": 10}",yes,1.0,"{""nature"": 10}",nature,1.0,"{""serene"": 6, ""melancholic"": 2, ""wistful"": 1, ""adventurous"": 1}",serene,0.6,"{""none_detected"": 7, ""escape"": 1, ""observation"": 1, ""loss"": 1}",none_detected,0.7,"{""natural"": 10}",natural,1.0,"{""neutral_or_unclear"": 7, ""positive"": 2, ""bittersweet"": 1}",neutral_or_unclear,0.7,"{""the glimmerfox"": 3, ""the glimberfox"": 2, ""the glimmersnout"": 1, ""the glowtail"": 1, ""the glimmershrew"": 1, ""the shimmerfox"": 1, ""meet the"": 1}",the glimmerfox,0.3,0.0,0.0,"{""the"": 9, ""meet"": 1}",the,0.9,1.9,2.0,2.0,2.0,3.8,4.0,6.2,6.0,10,"{""third"": 10}",third,1.0,"{""free_verse_or_narrative"": 9, ""rhyme_heavy"": 1}",free_verse_or_narrative,0.9,0.2,0.0,0,0.0,0.0,6.2,6.0,1.0,1.0,"{""present"": 10}",present,1.0,5.8,5.0,0,0.8385,0.8316,90.0,85.0
Model A,animal,lt5,"{""yes"": 10}",yes,1.0,"{""nature"": 7, ""light_dark"": 3}",nature,0.7,"{""serene"": 5, ""none_detected"": 2, ""melancholic"": 2, ""eerie"": 1}",serene,0.5,"{""none_detected"": 6, ""discovery"": 1, ""loss"": 1, ""survival"": 1, ""escape"": 1}",none_detected,0.6,"{""natural"": 10}",natural,1.0,"{""neutral_or_unclear"": 6, ""twist_or_turn"": 2, ""bittersweet"": 1, ""positive"": 1}",neutral_or_unclear,0.6,"{""the glimmerfox"": 7, ""the glimberfox"": 2, ""a glimmerfox"": 1}",the glimmerfox,0.7,0.0,0.0,"{""the"": 9, ""a"": 1}",the,0.9,1.8,2.0,0.9,1.0,1.9,2.0,1.0,1.0,10,"{""third"": 10}",third,1.0,"{""not_poem_like"": 10}",not_poem_like,1.0,0.0,0.0,0,0.0,0.0,3.0,3.0,1.0,1.0,"{""present"": 10}",present,1.0,3.0,3.0,0,0.852,0.8512,51.9,53.0
Model A,animal,open,"{""not_applicable"": 10}",not_applicable,1.0,"{""nature"": 7, ""light_dark"": 2, ""seasons_time"": 1}",nature,0.7,"{""serene"": 9, ""wistful"": 1}",serene,0.9,"{""none_detected"": 4, ""survival"": 3, ""reunion"": 1, ""transformation"": 1, ""discovery"": 1}",none_detected,0.4,"{""natural"": 10}",natural,1.0,"{""neutral_or_unclear"": 5, ""negative"": 3, ""positive"": 1, ""twist_or_turn"": 1}",neutral_or_unclear,0.5,"{""meet the"": 8, ""here's an"": 1, ""animal glintfox"": 1}",meet the,0.8,0.4,0.0,"{""meet"": 8, ""here's"": 1, ""animal"": 1}",meet,0.8,3.0,2.5,2.9,3.0,9.2,9.0,5.5,5.0,10,"{""third"": 10}",third,1.0,"{""free_verse_or_narrative"": 10}",free_verse_or_narrative,1.0,1.0,1.0,0,0.4,0.0,10.6,10.5,5.1,5.0,"{""present"": 10}",present,1.0,13.2,13.0,0,0.7059,0.7094,175.7,176.5
Model A,poem,lt10,"{""yes"": 10}",yes,1.0,"{""light_dark"": 5, ""nature"": 4, ""body"": 1}",light_dark,0.5,"{""serene"": 6, ""inspirational"": 2, ""melancholic"": 1, ""wistful"": 1}",serene,0.6,"{""none_detected"": 5, ""escape"": 2, ""discovery"": 2, ""reunion"": 1}",none_detected,0.5,"{""natural"": 7, ""domestic"": 3}",natural,0.7,"{""neutral_or_unclear"": 5, ""positive"": 5}",neutral_or_unclear,0.5,"{""morning spills"": 3, ""dawn spills"": 3, ""dawn folds"": 2, ""morning folds"": 1, ""morning pours"": 1}",morning spills,0.3,0.9,0.5,"{""morning"": 5, ""dawn"": 5}",morning,0.5,0.2,0.0,0.0,0.0,0.0,0.0,6.8,6.0,10,"{""first"": 4, ""none_detected"": 3, ""third"": 2, ""mixed"": 1}",first,0.4,"{""rhyme_heavy"": 10}",rhyme_heavy,1.0,0.0,0.0,0,0.1,0.0,2.9,3.0,1.2,1.0,"{""present"": 10}",present,1.0,0.4,0.0,0,0.8779,0.8823,46.8,45.5
Model A,poem,lt5,"{""yes"": 10}",yes,1.0,"{""light_dark"": 4, ""nature"": 3, ""body"": 3}",light_dark,0.4,"{""melancholic"": 4, ""serene"": 3, ""inspirational"": 2, ""eerie"": 1}",melancholic,0.4,"{""none_detected"": 9, ""reunion"": 1}",none_detected,0.9,"{""natural"": 7, ""urban"": 2, ""none_detected"": 1}",natural,0.7,"{""positive"": 5, ""neutral_or_unclear"": 4, ""bittersweet"": 1}",positive,0.5,"{""morning folds"": 2, ""morning spills"": 2, ""dawn spills"": 2, ""dawn slips"": 1, ""morning pours"": 1, ""moonlight folds"": 1, ""dawn stitches"": 1}",morning folds,0.2,0.3,0.0,"{""morning"": 5, ""dawn"": 4, ""moonlight"": 1}",morning,0.5,0.5,0.5,0.0,0.0,0.0,0.0,3.8,4.0,10,"{""none_detected"": 6, ""mixed"": 2, ""third"": 1, ""first"": 1}",none_detected,0.6,"{""rhyme_heavy"": 5, ""lyric_or_imagistic"": 3, ""free_verse_or_narrative"": 2}",rhyme_heavy,0.5,0.0,0.0,0,0.1,0.0,1.1,1.0,1.0,1.0,"{""present"": 10}",present,1.0,0.2,0.0,0,0.9253,0.9255,25.5,25.0
Model A,poem,open,"{""not_applicable"": 10}",not_applicable,1.0,"{""nature"": 6, ""light_dark"": 4}",nature,0.6,"{""serene"": 8, ""inspirational"": 2}",serene,0.8,"{""discovery"": 4, ""creation"": 2, ""none_detected"": 2, ""observation"": 1, ""reunion"": 1}",discovery,0.4,"{""natural"": 6, ""domestic"": 4}",natural,0.6,"{""positive"": 6, ""neutral_or_unclear"": 3, ""bittersweet"": 1}",positive,0.6,"{""at the"": 5, ""between the"": 2, ""a quiet"": 2, ""morning slips"": 1}",at the,0.5,0.2,0.0,"{""at"": 5, ""between"": 2, ""a"": 2, ""morning"": 1}",at,0.5,0.6,1.0,0.0,0.0,0.0,0.0,13.8,12.0,10,"{""third"": 6, ""mixed"": 2, ""second"": 1, ""none_detected"": 1}",third,0.6,"{""rhyme_heavy"": 6, ""lyric_or_imagistic"": 3, ""free_verse_or_narrative"": 1}",rhyme_heavy,0.6,0.0,0.0,0,0.7,0.0,5.6,5.5,3.4,3.0,"{""present"": 9, ""past"": 1}",present,0.9,1.9,2.0,0,0.7878,0.7925,88.7,87.5
Model A,story,lt10,"{""yes"": 10}",yes,1.0,"{""nature"": 6, ""light_dark"": 2, ""machines"": 1, ""seasons_time"": 1}",nature,0.6,"{""wistful"": 4, ""melancholic"": 3, ""adventurous"": 1, ""serene"": 1, ""eerie"": 1}",wistful,0.4,"{""discovery"": 6, ""loss"": 2, ""reunion"": 1, ""observation"": 1}",discovery,0.6,"{""natural"": 6, ""domestic"": 2, ""historical"": 1, ""urban"": 1}",natural,0.6,"{""twist_or_turn"": 4, ""positive"": 3, ""negative"": 2, ""neutral_or_unclear"": 1}",twist_or_turn,0.4,"{""at dusk"": 2, ""every night"": 1, ""the lighthouse"": 1, ""at closing"": 1, ""on the"": 1, ""at the"": 1, ""at midnight"": 1, ""every evening"": 1, ""at dawn"": 1}",at dusk,0.2,0.4,0.0,"{""at"": 6, ""every"": 2, ""the"": 1, ""on"": 1}",at,0.6,1.7,2.0,0.0,0.0,0.0,0.0,6.8,7.0,10,"{""third"": 10}",third,1.0,"{""free_verse_or_narrative"": 8, ""rhyme_heavy"": 2}",free_verse_or_narrative,0.8,0.0,0.0,0,0.3,0.0,6.7,7.0,1.0,1.0,"{""past"": 7, ""mixed"": 3}",past,0.7,8.4,8.0,0,0.735,0.7324,129.9,128.5
Model A,story,lt5,"{""yes"": 10}",yes,1.0,"{""nature"": 6, ""machines"": 2, ""light_dark"": 1, ""seasons_time"": 1}",nature,0.6,"{""wistful"": 3, ""serene"": 3, ""eerie"": 2, ""melancholic"": 1, ""adventurous"": 1}",wistful,0.3,"{""discovery"": 9, ""loss"": 1}",discovery,0.9,"{""natural"": 6, ""domestic"": 4}",natural,0.6,"{""positive"": 4, ""negative"": 2, ""neutral_or_unclear"": 2, ""bittersweet"": 1, ""twist_or_turn"": 1}",positive,0.4,"{""at midnight"": 4, ""at dusk"": 4, ""at dawn"": 1, ""mara found"": 1}",at midnight,0.4,0.0,0.0,"{""at"": 9, ""mara"": 1}",at,0.9,0.8,1.0,0.0,0.0,0.0,0.0,1.0,1.0,10,"{""third"": 10}",third,1.0,"{""not_poem_like"": 10}",not_poem_like,1.0,0.0,0.0,0,0.1,0.0,3.2,3.0,1.0,1.0,"{""past"": 10}",past,1.0,5.1,5.0,0,0.8083,0.8119,68.9,68.0
Model A,story,open,"{""not_applicable"": 10}",not_applicable,1.0,"{""nature"": 3, ""machines"": 3, ""memory"": 2, ""ocean_water"": 1, ""light_dark"": 1}",nature,0.3,"{""wistful"": 8, ""serene"": 2}",wistful,0.8,"{""observation"": 5, ""discovery"": 3, ""loss"": 2}",observation,0.5,"{""domestic"": 6, ""natural"": 4}",domestic,0.6,"{""twist_or_turn"": 6, ""bittersweet"": 2, ""neutral_or_unclear"": 1, ""negative"": 1}",twist_or_turn,0.6,"{""on the"": 5, ""at the"": 3, ""at midnight"": 1, ""mara found"": 1}",on the,0.5,1.2,0.5,"{""on"": 5, ""at"": 4, ""mara"": 1}",on,0.5,4.7,4.5,0.0,0.0,0.0,0.0,15.2,15.0,10,"{""third"": 10}",third,1.0,"{""free_verse_or_narrative"": 10}",free_verse_or_narrative,1.0,0.0,0.0,0,1.0,1.0,27.3,27.0,15.0,15.0,"{""past"": 6, ""mixed"": 4}",past,0.6,22.8,23.0,0.5,0.5987,0.597,309.6,311.0
Model B,animal,lt10,"{""yes"": 10}",yes,1.0,"{""light_dark"": 6, ""nature"": 4}",light_dark,0.6,"{""serene"": 7, ""adventurous"": 2, ""eerie"": 1}",serene,0.7,"{""creation"": 3, ""discovery"": 2, ""none_detected"": 2, ""survival"": 2, ""reunion"": 1}",creation,0.3,"{""natural"": 10}",natural,1.0,"{""neutral_or_unclear"": 8, ""twist_or_turn"": 2}",neutral_or_unclear,0.8,"{""i created"": 2, ""the moonbat"": 1, ""avelyn the"": 1, ""meet glimmerfin"": 1, ""meet zyph"": 1, ""meet nimbus"": 1, ""the glimmerfin"": 1, ""meet thunderraptor"": 1, ""the cloudtail"": 1}",i created,0.2,0.2,0.0,"{""meet"": 4, ""the"": 3, ""i"": 2, ""avelyn"": 1}",meet,0.4,1.3,1.0,2.3,2.0,4.9,5.0,2.9,1.0,10,"{""third"": 10}",third,1.0,"{""not_poem_like"": 7, ""free_verse_or_narrative"": 3}",not_poem_like,0.7,0.3,0.0,0,0.0,0.0,7.3,7.0,1.0,1.0,"{""present"": 10}",present,1.0,7.4,7.5,0,0.8119,0.8065,104.2,104.0
Model B,animal,lt5,"{""yes"": 10}",yes,1.0,"{""nature"": 6, ""light_dark"": 4}",nature,0.6,"{""serene"": 4, ""melancholic"": 3, ""eerie"": 2, ""adventurous"": 1}",serene,0.4,"{""none_detected"": 5, ""discovery"": 3, ""escape"": 2}",none_detected,0.5,"{""natural"": 9, ""historical"": 1}",natural,0.9,"{""neutral_or_unclear"": 5, ""positive"": 4, ""negative"": 1}",neutral_or_unclear,0.5,"{""the glimmerfox"": 1, ""meet nimbus"": 1, ""the emberfin"": 1, ""meet the"": 1, ""the moonwhisker"": 1, ""the night-silk"": 1, ""the sunpelt"": 1, ""the emberfox"": 1, ""meet aurorapaw"": 1, ""the nightwhisk"": 1}",the glimmerfox,0.1,0.0,0.0,"{""the"": 7, ""meet"": 3}",the,0.7,1.0,1.0,1.2,1.0,2.2,2.0,1.0,1.0,10,"{""third"": 10}",third,1.0,"{""not_poem_like"": 10}",not_poem_like,1.0,0.5,0.5,0,0.0,0.0,4.0,4.0,1.0,1.0,"{""present"": 10}",present,1.0,4.7,5.0,0,0.8558,0.8532,60.6,61.0
Model B,animal,open,"{""not_applicable"": 10}",not_applicable,1.0,"{""light_dark"": 5, ""nature"": 4, ""body"": 1}",light_dark,0.5,"{""serene"": 5, ""wistful"": 3, ""adventurous"": 2}",serene,0.5,"{""survival"": 3, ""transformation"": 2, ""loss"": 2, ""discovery"": 2, ""none_detected"": 1}",survival,0.3,"{""natural"": 9, ""none_detected"": 1}",natural,0.9,"{""twist_or_turn"": 6, ""positive"": 2, ""neutral_or_unclear"": 1, ""negative"": 1}",twist_or_turn,0.6,"{""the skywhisker"": 2, ""the glasswing"": 1, ""the skyswivel"": 1, ""here's a"": 1, ""the emberfin"": 1, ""meet umbrowl"": 1, ""name tundrabyte"": 1, ""name vellumynx"": 1, ""meet the"": 1}",the skywhisker,0.2,0.7,0.5,"{""the"": 5, ""meet"": 2, ""name"": 2, ""here's"": 1}",the,0.5,2.8,3.0,5.4,5.0,11.9,12.0,9.9,10.5,10,"{""third"": 10}",third,1.0,"{""free_verse_or_narrative"": 9, ""rhyme_heavy"": 1}",free_verse_or_narrative,0.9,1.4,1.5,0,0.6,1.0,10.4,10.0,5.6,6.0,"{""present"": 10}",present,1.0,13.6,13.5,0,0.7257,0.7243,204.9,195.0
Model B,poem,lt10,"{""yes"": 10}",yes,1.0,"{""light_dark"": 5, ""body"": 4, ""nature"": 1}",light_dark,0.5,"{""serene"": 7, ""inspirational"": 2, ""wistful"": 1}",serene,0.7,"{""escape"": 4, ""none_detected"": 4, ""reunion"": 2}",escape,0.4,"{""natural"": 5, ""none_detected"": 2, ""domestic"": 1, ""historical"": 1, ""cosmic"": 1}",natural,0.5,"{""positive"": 6, ""neutral_or_unclear"": 3, ""bittersweet"": 1}",positive,0.6,"{""beneath the"": 8, ""under moonlit"": 1, ""in a"": 1}",beneath the,0.8,2.1,2.0,"{""beneath"": 8, ""under"": 1, ""in"": 1}",beneath,0.8,0.2,0.0,0.0,0.0,0.0,0.0,6.2,6.0,10,"{""first"": 7, ""mixed"": 2, ""none_detected"": 1}",first,0.7,"{""rhyme_heavy"": 8, ""lyric_or_imagistic"": 2}",rhyme_heavy,0.8,0.0,0.0,0,0.0,0.0,2.5,2.5,1.0,1.0,"{""present"": 10}",present,1.0,0.6,0.0,0,0.8988,0.8998,39.2,38.0
Model B,poem,lt5,"{""yes"": 10}",yes,1.0,"{""light_dark"": 9, ""seasons_time"": 1}",light_dark,0.9,"{""inspirational"": 6, ""serene"": 3, ""wistful"": 1}",inspirational,0.6,"{""none_detected"": 8, ""discovery"": 1, ""escape"": 1}",none_detected,0.8,"{""natural"": 6, ""none_detected"": 3, ""domestic"": 1}",natural,0.6,"{""neutral_or_unclear"": 5, ""positive"": 4, ""negative"": 1}",neutral_or_unclear,0.5,"{""beneath the"": 6, ""in moonlit"": 2, ""in fading"": 1, ""night folds"": 1}",beneath the,0.6,2.0,1.5,"{""beneath"": 6, ""in"": 3, ""night"": 1}",beneath,0.6,0.0,0.0,0.0,0.0,0.0,0.0,4.0,4.0,10,"{""first"": 6, ""none_detected"": 2, ""mixed"": 1, ""second"": 1}",first,0.6,"{""rhyme_heavy"": 8, ""lyric_or_imagistic"": 2}",rhyme_heavy,0.8,0.0,0.0,0,0.2,0.0,1.3,1.0,1.0,1.0,"{""present"": 10}",present,1.0,0.1,0.0,0,0.9293,0.9347,25.0,25.5
Model B,poem,open,"{""not_applicable"": 10}",not_applicable,1.0,"{""light_dark"": 7, ""nature"": 2, ""body"": 1}",light_dark,0.7,"{""serene"": 9, ""inspirational"": 1}",serene,0.9,"{""discovery"": 2, ""reunion"": 2, ""creation"": 2, ""escape"": 1, ""loss"": 1, ""transformation"": 1, ""none_detected"": 1}",discovery,0.2,"{""natural"": 10}",natural,1.0,"{""positive"": 4, ""negative"": 3, ""neutral_or_unclear"": 2, ""twist_or_turn"": 1}",positive,0.4,"{""in the"": 4, ""beneath the"": 3, ""in a"": 2, ""beneath a"": 1}",in the,0.4,1.8,1.0,"{""in"": 6, ""beneath"": 4}",in,0.6,1.2,1.0,0.0,0.0,0.0,0.0,14.8,16.0,10,"{""third"": 4, ""mixed"": 4, ""first"": 2}",third,0.4,"{""rhyme_heavy"": 9, ""lyric_or_imagistic"": 1}",rhyme_heavy,0.9,0.0,0.0,0,0.6,0.5,3.9,4.0,3.7,4.0,"{""present"": 10}",present,1.0,2.1,1.5,0,0.818,0.8191,96.3,100.0
Model B,story,lt10,"{""yes"": 10}",yes,1.0,"{""memory"": 3, ""light_dark"": 2, ""machines"": 2, ""body"": 2, ""seasons_time"": 1}",memory,0.3,"{""wistful"": 4, ""inspirational"": 2, ""serene"": 2, ""adventurous"": 2}",wistful,0.4,"{""discovery"": 9, ""observation"": 1}",discovery,0.9,"{""domestic"": 10}",domestic,1.0,"{""twist_or_turn"": 6, ""neutral_or_unclear"": 2, ""positive"": 2}",twist_or_turn,0.6,"{""mara found"": 9, ""mira found"": 1}",mara found,0.9,0.0,0.0,"{""mara"": 9, ""mira"": 1}",mara,0.9,2.1,2.0,0.0,0.0,0.0,0.0,7.3,8.0,10,"{""third"": 10}",third,1.0,"{""free_verse_or_narrative"": 8, ""not_poem_like"": 1, ""rhyme_heavy"": 1}",free_verse_or_narrative,0.8,0.0,0.0,0,0.6,0.0,7.2,7.0,1.0,1.0,"{""past"": 10}",past,1.0,13.2,12.5,0,0.6797,0.6764,149.2,152.0
Model B,story,lt5,"{""yes"": 10}",yes,1.0,"{""light_dark"": 5, ""memory"": 3, ""seasons_time"": 1, ""machines"": 1}",light_dark,0.5,"{""serene"": 4, ""wistful"": 3, ""inspirational"": 2, ""melancholic"": 1}",serene,0.4,"{""discovery"": 9, ""loss"": 1}",discovery,0.9,"{""domestic"": 9, ""historical"": 1}",domestic,0.9,"{""neutral_or_unclear"": 6, ""negative"": 2, ""twist_or_turn"": 1, ""bittersweet"": 1}",neutral_or_unclear,0.6,"{""mara found"": 8, ""on the"": 1, ""mira found"": 1}",mara found,0.8,0.0,0.0,"{""mara"": 8, ""on"": 1, ""mira"": 1}",mara,0.8,1.0,1.0,0.0,0.0,0.0,0.0,1.6,1.0,10,"{""third"": 10}",third,1.0,"{""not_poem_like"": 8, ""free_verse_or_narrative"": 2}",not_poem_like,0.8,0.0,0.0,0,0.4,0.0,3.7,4.0,1.0,1.0,"{""past"": 10}",past,1.0,7.4,8.0,0,0.7675,0.7639,76.1,75.0
Model B,story,open,"{""not_applicable"": 10}",not_applicable,1.0,"{""memory"": 5, ""light_dark"": 3, ""seasons_time"": 1, ""nature"": 1}",memory,0.5,"{""serene"": 5, ""wistful"": 5}",serene,0.5,"{""discovery"": 6, ""observation"": 4}",discovery,0.6,"{""domestic"": 9, ""natural"": 1}",domestic,0.9,"{""negative"": 4, ""positive"": 3, ""twist_or_turn"": 2, ""neutral_or_unclear"": 1}",negative,0.4,"{""mara found"": 9, ""on the"": 1}",mara found,0.9,0.2,0.0,"{""mara"": 9, ""on"": 1}",mara,0.9,2.9,3.0,0.0,0.0,0.0,0.0,12.8,13.0,10,"{""third"": 10}",third,1.0,"{""free_verse_or_narrative"": 8, ""rhyme_heavy"": 2}",free_verse_or_narrative,0.8,0.0,0.0,0,1.2,1.0,25.0,25.0,12.6,13.0,"{""past"": 10}",past,1.0,23.7,22.5,1,0.6028,0.6064,319.2,320.0
Model C,animal,lt10,"{""yes"": 10}",yes,1.0,"{""nature"": 6, ""light_dark"": 3, ""ocean_water"": 1}",nature,0.6,"{""serene"": 7, ""adventurous"": 1, ""eerie"": 1, ""melancholic"": 1}",serene,0.7,"{""none_detected"": 5, ""discovery"": 2, ""survival"": 2, ""loss"": 1}",none_detected,0.5,"{""natural"": 8, ""domestic"": 2}",natural,0.8,"{""neutral_or_unclear"": 7, ""positive"": 2, ""negative"": 1}",neutral_or_unclear,0.7,"{""the glimmerfox"": 4, ""the lumifox"": 4, ""the velvet"": 1, ""the floofin"": 1}",the glimmerfox,0.4,0.0,0.0,"{""the"": 10}",the,1.0,1.8,2.0,2.6,2.0,7.2,7.0,2.0,2.0,10,"{""third"": 10}",third,1.0,"{""not_poem_like"": 10}",not_poem_like,1.0,1.2,1.0,0,0.0,0.0,8.0,8.0,2.0,2.0,"{""present"": 10}",present,1.0,9.3,9.5,0,0.7656,0.7597,142.9,145.5
Model C,animal,lt5,"{""yes"": 10}",yes,1.0,"{""nature"": 9, ""body"": 1}",nature,0.9,"{""wistful"": 4, ""serene"": 3, ""dark"": 1, ""eerie"": 1, ""melancholic"": 1}",wistful,0.4,"{""none_detected"": 9, ""discovery"": 1}",none_detected,0.9,"{""natural"": 9, ""historical"": 1}",natural,0.9,"{""neutral_or_unclear"": 8, ""positive"": 1, ""bittersweet"": 1}",neutral_or_unclear,0.8,"{""the glimmerfox"": 5, ""the lumifox"": 4, ""the mosskin"": 1}",the glimmerfox,0.5,0.0,0.0,"{""the"": 10}",the,1.0,1.4,1.0,1.6,1.5,3.1,3.0,2.0,2.0,10,"{""third"": 10}",third,1.0,"{""not_poem_like"": 10}",not_poem_like,1.0,0.5,0.5,0,0.0,0.0,3.9,4.0,2.0,2.0,"{""present"": 10}",present,1.0,4.5,4.0,0,0.8383,0.8239,80.9,79.5
Model C,animal,open,"{""not_applicable"": 10}",not_applicable,1.0,"{""nature"": 5, ""light_dark"": 3, ""body"": 2}",nature,0.5,"{""serene"": 9, ""melancholic"": 1}",serene,0.9,"{""none_detected"": 7, ""survival"": 1, ""creation"": 1, ""escape"": 1}",none_detected,0.7,"{""natural"": 10}",natural,1.0,"{""neutral_or_unclear"": 9, ""positive"": 1}",neutral_or_unclear,0.9,"{""the lumifox"": 5, ""the glimmerfox"": 1, ""the glimmerquill"": 1, ""the velvet"": 1, ""the velvet-maned"": 1, ""the mosscreeper"": 1}",the lumifox,0.5,0.0,0.0,"{""the"": 10}",the,1.0,1.7,1.5,5.2,5.0,12.7,13.0,10.9,11.0,10,"{""third"": 10}",third,1.0,"{""free_verse_or_narrative"": 10}",free_verse_or_narrative,1.0,0.9,1.0,0,0.0,0.0,7.0,7.0,6.1,6.0,"{""present"": 10}",present,1.0,9.4,9.0,1,0.7557,0.7495,157.5,160.0
Model C,poem,lt10,"{""yes"": 10}",yes,1.0,"{""light_dark"": 5, ""nature"": 4, ""seasons_time"": 1}",light_dark,0.5,"{""serene"": 7, ""wistful"": 3}",serene,0.7,"{""none_detected"": 8, ""creation"": 1, ""loss"": 1}",none_detected,0.8,"{""natural"": 10}",natural,1.0,"{""neutral_or_unclear"": 8, ""positive"": 1, ""negative"": 1}",neutral_or_unclear,0.8,"{""whispers of"": 8, ""here's a"": 1, ""beneath the"": 1}",whispers of,0.8,0.2,0.0,"{""whispers"": 8, ""here's"": 1, ""beneath"": 1}",whispers,0.8,0.0,0.0,0.0,0.0,0.0,0.0,8.4,9.0,10,"{""none_detected"": 5, ""third"": 4, ""first"": 1}",none_detected,0.5,"{""rhyme_heavy"": 9, ""lyric_or_imagistic"": 1}",rhyme_heavy,0.9,0.0,0.0,0,0.0,0.0,3.7,4.0,2.1,2.0,"{""present"": 10}",present,1.0,0.6,0.5,0,0.8816,0.8959,47.2,48.0
Model C,poem,lt5,"{""yes"": 10}",yes,1.0,"{""nature"": 6, ""light_dark"": 4}",nature,0.6,"{""serene"": 4, ""eerie"": 4, ""wistful"": 1, ""inspirational"": 1}",serene,0.4,"{""none_detected"": 8, ""discovery"": 1, ""loss"": 1}",none_detected,0.8,"{""natural"": 8, ""cosmic"": 2}",natural,0.8,"{""neutral_or_unclear"": 8, ""negative"": 2}",neutral_or_unclear,0.8,"{""moonlight spills"": 8, ""beneath the"": 2}",moonlight spills,0.8,0.0,0.0,"{""moonlight"": 8, ""beneath"": 2}",moonlight,0.8,0.0,0.0,0.0,0.0,0.0,0.0,3.9,4.0,10,"{""third"": 5, ""none_detected"": 5}",third,0.5,"{""rhyme_heavy"": 9, ""lyric_or_imagistic"": 1}",rhyme_heavy,0.9,0.0,0.0,0,0.0,0.0,1.4,1.0,1.0,1.0,"{""present"": 10}",present,1.0,0.5,0.5,0,0.9774,1.0,20.3,20.0
Model C,poem,open,"{""not_applicable"": 10}",not_applicable,1.0,"{""nature"": 6, ""light_dark"": 3, ""seasons_time"": 1}",nature,0.6,"{""serene"": 10}",serene,1.0,"{""none_detected"": 4, ""loss"": 4, ""escape"": 1, ""creation"": 1}",none_detected,0.4,"{""natural"": 7, ""domestic"": 2, ""none_detected"": 1}",natural,0.7,"{""twist_or_turn"": 3, ""neutral_or_unclear"": 3, ""positive"": 2, ""bittersweet"": 1, ""negative"": 1}",twist_or_turn,0.3,"{""whispers of"": 8, ""threads of"": 1, ""hours of"": 1}",whispers of,0.8,2.1,1.0,"{""whispers"": 8, ""threads"": 1, ""hours"": 1}",whispers,0.8,0.6,0.5,0.0,0.0,0.0,0.0,17.8,17.0,10,"{""third"": 4, ""first"": 4, ""second"": 1, ""mixed"": 1}",third,0.4,"{""rhyme_heavy"": 7, ""lyric_or_imagistic"": 3}",rhyme_heavy,0.7,0.0,0.0,0,0.7,0.5,4.7,5.0,5.8,5.0,"{""present"": 10}",present,1.0,2.0,2.0,0,0.7803,0.7766,110.2,106.5
Model C,story,lt10,"{""yes"": 10}",yes,1.0,"{""light_dark"": 5, ""nature"": 2, ""memory"": 2, ""seasons_time"": 1}",light_dark,0.5,"{""romantic"": 3, ""melancholic"": 2, ""adventurous"": 2, ""wistful"": 1, ""inspirational"": 1, ""serene"": 1}",romantic,0.3,"{""loss"": 6, ""discovery"": 2, ""creation"": 1, ""observation"": 1}",loss,0.6,"{""natural"": 7, ""domestic"": 3}",natural,0.7,"{""positive"": 5, ""bittersweet"": 2, ""neutral_or_unclear"": 2, ""twist_or_turn"": 1}",positive,0.5,"{""the lighthouse"": 10}",the lighthouse,1.0,1.0,1.0,"{""the"": 10}",the,1.0,0.7,0.5,0.0,0.0,0.0,0.0,3.8,4.0,10,"{""third"": 10}",third,1.0,"{""free_verse_or_narrative"": 8, ""not_poem_like"": 2}",free_verse_or_narrative,0.8,0.0,0.0,0.1,0.3,0.0,7.2,7.0,3.8,4.0,"{""mixed"": 7, ""past"": 3}",mixed,0.7,12.6,12.0,0,0.705,0.6949,134.6,137.0
Model C,story,lt5,"{""yes"": 8, ""no"": 2}",yes,0.8,"{""light_dark"": 4, ""seasons_time"": 2, ""ocean_water"": 2, ""nature"": 1, ""memory"": 1}",light_dark,0.4,"{""inspirational"": 3, ""melancholic"": 2, ""eerie"": 2, ""serene"": 2, ""wistful"": 1}",inspirational,0.3,"{""discovery"": 3, ""observation"": 2, ""loss"": 2, ""transformation"": 1, ""reunion"": 1, ""survival"": 1}",discovery,0.3,"{""natural"": 5, ""domestic"": 5}",natural,0.5,"{""positive"": 6, ""neutral_or_unclear"": 3, ""bittersweet"": 1}",positive,0.6,"{""the lighthouse"": 10}",the lighthouse,1.0,0.8,1.0,"{""the"": 10}",the,1.0,0.6,0.5,0.0,0.0,0.0,0.0,1.0,1.0,10,"{""third"": 10}",third,1.0,"{""not_poem_like"": 10}",not_poem_like,1.0,0.0,0.0,0.1,0.5,0.5,3.7,3.5,1.0,1.0,"{""past"": 7, ""mixed"": 3}",past,0.7,6.5,6.5,0,0.8078,0.8137,69.0,70.0
Model C,story,open,"{""not_applicable"": 10}",not_applicable,1.0,"{""light_dark"": 4, ""memory"": 3, ""seasons_time"": 2, ""nature"": 1}",light_dark,0.4,"{""wistful"": 5, ""serene"": 3, ""inspirational"": 1, ""eerie"": 1}",wistful,0.5,"{""loss"": 8, ""observation"": 1, ""discovery"": 1}",loss,0.8,"{""domestic"": 6, ""natural"": 3, ""historical"": 1}",domestic,0.6,"{""negative"": 2, ""positive"": 2, ""bittersweet"": 2, ""twist_or_turn"": 2, ""unresolved"": 1, ""neutral_or_unclear"": 1}",negative,0.2,"{""the lighthouse"": 9, ""the last"": 1}",the lighthouse,0.9,7.9,6.5,"{""the"": 10}",the,1.0,1.7,2.0,0.0,0.0,0.0,0.0,9.0,8.5,10,"{""third"": 8, ""first"": 2}",third,0.8,"{""free_verse_or_narrative"": 7, ""rhyme_heavy"": 3}",free_verse_or_narrative,0.7,0.0,0.0,0,3.8,4.0,14.7,14.5,9.0,8.5,"{""past"": 6, ""mixed"": 4}",past,0.6,17.3,17.5,1,0.6337,0.6452,215.1,215.0
Model D,animal,lt10,"{""yes"": 10}",yes,1.0,"{""light_dark"": 5, ""nature"": 4, ""body"": 1}",light_dark,0.5,"{""serene"": 9, ""melancholic"": 1}",serene,0.9,"{""observation"": 4, ""none_detected"": 2, ""discovery"": 2, ""creation"": 1, ""reunion"": 1}",observation,0.4,"{""natural"": 10}",natural,1.0,"{""neutral_or_unclear"": 5, ""positive"": 4, ""bittersweet"": 1}",neutral_or_unclear,0.5,"{""the velvet"": 4, ""the velken"": 3, ""the velk"": 2, ""the velowed"": 1}",the velvet,0.4,0.0,0.0,"{""the"": 10}",the,1.0,1.6,1.5,2.7,2.5,4.6,5.0,2.0,2.0,10,"{""third"": 10}",third,1.0,"{""not_poem_like"": 10}",not_poem_like,1.0,1.2,1.0,0,0.0,0.0,7.1,7.5,2.0,2.0,"{""present"": 10}",present,1.0,9.1,9.0,0,0.7332,0.7415,134.4,133.0
Model D,animal,lt5,"{""yes"": 10}",yes,1.0,"{""light_dark"": 7, ""body"": 2, ""nature"": 1}",light_dark,0.7,"{""serene"": 5, ""eerie"": 3, ""melancholic"": 2}",serene,0.5,"{""none_detected"": 8, ""loss"": 1, ""discovery"": 1}",none_detected,0.8,"{""natural"": 5, ""none_detected"": 3, ""domestic"": 2}",natural,0.5,"{""neutral_or_unclear"": 6, ""negative"": 2, ""positive"": 2}",neutral_or_unclear,0.6,"{""the velvet"": 6, ""the velk"": 2, ""the velken"": 1, ""the veilfox"": 1}",the velvet,0.6,0.0,0.0,"{""the"": 10}",the,1.0,1.1,1.0,2.1,2.0,2.9,3.0,2.0,2.0,10,"{""third"": 10}",third,1.0,"{""not_poem_like"": 10}",not_poem_like,1.0,0.4,0.0,0,0.0,0.0,3.9,4.0,2.0,2.0,"{""present"": 10}",present,1.0,7.4,7.5,0,0.7831,0.7774,80.8,80.0
Model D,animal,open,"{""not_applicable"": 10}",not_applicable,1.0,"{""light_dark"": 4, ""body"": 3, ""nature"": 3}",light_dark,0.4,"{""serene"": 6, ""melancholic"": 3, ""wistful"": 1}",serene,0.6,"{""observation"": 4, ""none_detected"": 3, ""creation"": 2, ""reunion"": 1}",observation,0.4,"{""natural"": 10}",natural,1.0,"{""neutral_or_unclear"": 5, ""negative"": 2, ""bittersweet"": 1, ""twist_or_turn"": 1, ""positive"": 1}",neutral_or_unclear,0.5,"{""the velvet"": 2, ""the velkhorn"": 1, ""the velvethorn"": 1, ""the velorn"": 1, ""the velken"": 1, ""the velk"": 1, ""the velhorn"": 1, ""the velchorn"": 1, ""the velkori"": 1}",the velvet,0.2,0.3,0.0,"{""the"": 10}",the,1.0,1.9,2.0,5.2,4.5,17.5,18.5,19.9,20.0,10,"{""third"": 10}",third,1.0,"{""free_verse_or_narrative"": 10}",free_verse_or_narrative,1.0,1.5,1.5,0,0.3,0.0,5.4,4.0,14.3,14.0,"{""present"": 10}",present,1.0,8.3,7.0,0,0.7353,0.7352,188.3,182.0
Model D,poem,lt10,"{""yes"": 10}",yes,1.0,"{""nature"": 8, ""light_dark"": 2}",nature,0.8,"{""serene"": 10}",serene,1.0,"{""none_detected"": 9, ""loss"": 1}",none_detected,0.9,"{""natural"": 10}",natural,1.0,"{""positive"": 4, ""neutral_or_unclear"": 3, ""negative"": 2, ""bittersweet"": 1}",positive,0.4,"{""here's a"": 5, ""here is"": 5}",here's a,0.5,0.8,0.5,"{""here's"": 5, ""here"": 5}",here's,0.5,0.0,0.0,0.0,0.0,0.0,0.0,7.7,8.0,10,"{""none_detected"": 4, ""first"": 4, ""mixed"": 1, ""third"": 1}",none_detected,0.4,"{""rhyme_heavy"": 9, ""lyric_or_imagistic"": 1}",rhyme_heavy,0.9,0.0,0.0,0,0.1,0.0,2.7,3.0,3.0,3.0,"{""present"": 10}",present,1.0,0.1,0.0,0,0.7802,0.7848,45.3,44.5
Model D,poem,lt5,"{""yes"": 10}",yes,1.0,"{""light_dark"": 9, ""nature"": 1}",light_dark,0.9,"{""serene"": 6, ""melancholic"": 2, ""inspirational"": 1, ""romantic"": 1}",serene,0.6,"{""none_detected"": 8, ""loss"": 2}",none_detected,0.8,"{""natural"": 10}",natural,1.0,"{""bittersweet"": 3, ""neutral_or_unclear"": 3, ""negative"": 2, ""positive"": 2}",bittersweet,0.3,"{""here is"": 10}",here is,1.0,1.0,0.5,"{""here"": 10}",here,1.0,0.0,0.0,0.0,0.0,0.0,0.0,4.3,4.0,10,"{""none_detected"": 5, ""first"": 4, ""mixed"": 1}",none_detected,0.5,"{""rhyme_heavy"": 8, ""lyric_or_imagistic"": 2}",rhyme_heavy,0.8,0.0,0.0,0,0.1,0.0,1.0,1.0,2.0,2.0,"{""present"": 10}",present,1.0,0.0,0.0,0,0.8663,0.8654,27.6,27.0
Model D,poem,open,"{""not_applicable"": 10}",not_applicable,1.0,"{""light_dark"": 9, ""body"": 1}",light_dark,0.9,"{""serene"": 5, ""melancholic"": 5}",serene,0.5,"{""loss"": 6, ""discovery"": 3, ""escape"": 1}",loss,0.6,"{""cosmic"": 7, ""domestic"": 2, ""none_detected"": 1}",cosmic,0.7,"{""positive"": 4, ""unresolved"": 2, ""negative"": 2, ""neutral_or_unclear"": 1, ""bittersweet"": 1}",positive,0.4,"{""the space"": 10}",the space,1.0,2.8,3.0,"{""the"": 10}",the,1.0,0.6,0.5,0.0,0.0,0.0,0.0,29.4,30.0,10,"{""first"": 4, ""mixed"": 3, ""third"": 2, ""second"": 1}",first,0.4,"{""lyric_or_imagistic"": 9, ""rhyme_heavy"": 1}",lyric_or_imagistic,0.9,0.0,0.0,0,2.2,2.0,6.2,6.5,8.0,8.0,"{""present"": 10}",present,1.0,3.7,3.5,0,0.7196,0.7115,106.8,105.5
Model D,story,lt10,"{""yes"": 9, ""no"": 1}",yes,0.9,"{""light_dark"": 9, ""memory"": 1}",light_dark,0.9,"{""serene"": 5, ""adventurous"": 2, ""romantic"": 1, ""melancholic"": 1, ""none_detected"": 1}",serene,0.5,"{""discovery"": 5, ""loss"": 4, ""observation"": 1}",discovery,0.5,"{""domestic"": 5, ""historical"": 3, ""natural"": 2}",domestic,0.5,"{""positive"": 3, ""bittersweet"": 3, ""negative"": 2, ""neutral_or_unclear"": 2}",positive,0.3,"{""the last"": 6, ""here is"": 4}",the last,0.6,1.3,0.5,"{""the"": 6, ""here"": 4}",the,0.6,3.2,3.5,0.0,0.0,0.0,0.0,2.7,2.5,10,"{""third"": 10}",third,1.0,"{""not_poem_like"": 5, ""free_verse_or_narrative"": 5}",not_poem_like,0.5,0.0,0.0,0,0.3,0.0,7.8,8.0,2.7,2.5,"{""past"": 7, ""mixed"": 3}",past,0.7,11.1,10.0,0,0.7017,0.7024,135.9,131.5
Model D,story,lt5,"{""yes"": 10}",yes,1.0,"{""memory"": 5, ""body"": 3, ""light_dark"": 2}",memory,0.5,"{""adventurous"": 4, ""serene"": 2, ""inspirational"": 2, ""romantic"": 1, ""wistful"": 1}",adventurous,0.4,"{""discovery"": 8, ""loss"": 2}",discovery,0.8,"{""domestic"": 7, ""historical"": 2, ""natural"": 1}",domestic,0.7,"{""negative"": 4, ""neutral_or_unclear"": 3, ""bittersweet"": 1, ""unresolved"": 1, ""positive"": 1}",negative,0.4,"{""here is"": 10}",here is,1.0,0.1,0.0,"{""here"": 10}",here,1.0,1.7,2.0,0.0,0.0,0.0,0.0,2.0,2.0,10,"{""third"": 10}",third,1.0,"{""not_poem_like"": 10}",not_poem_like,1.0,0.0,0.0,0,0.6,0.0,3.7,4.0,2.0,2.0,"{""past"": 5, ""mixed"": 5}",past,0.5,6.5,7.0,0,0.7785,0.7849,84.3,82.5
Model D,story,open,"{""not_applicable"": 10}",not_applicable,1.0,"{""light_dark"": 6, ""nature"": 2, ""body"": 1, ""seasons_time"": 1}",light_dark,0.6,"{""serene"": 7, ""wistful"": 3}",serene,0.7,"{""observation"": 6, ""loss"": 2, ""discovery"": 2}",observation,0.6,"{""domestic"": 8, ""historical"": 1, ""natural"": 1}",domestic,0.8,"{""positive"": 4, ""bittersweet"": 3, ""neutral_or_unclear"": 1, ""twist_or_turn"": 1, ""negative"": 1}",positive,0.4,"{""the last"": 10}",the last,1.0,0.7,0.5,"{""the"": 10}",the,1.0,2.9,2.5,0.0,0.0,0.0,0.0,15.7,16.0,10,"{""third"": 10}",third,1.0,"{""free_verse_or_narrative"": 7, ""rhyme_heavy"": 3}",free_verse_or_narrative,0.7,0.0,0.0,0,1.5,1.5,20.2,20.0,15.6,16.0,"{""past"": 7, ""mixed"": 3}",past,0.7,20.7,21.0,0,0.6575,0.6577,206.7,202.0
Model E,animal,lt10,"{""yes"": 10}",yes,1.0,"{""light_dark"": 6, ""nature"": 4}",light_dark,0.6,"{""serene"": 8, ""melancholic"": 1, ""inspirational"": 1}",serene,0.8,"{""none_detected"": 7, ""survival"": 3}",none_detected,0.7,"{""natural"": 10}",natural,1.0,"{""neutral_or_unclear"": 5, ""positive"": 3, ""twist_or_turn"": 2}",neutral_or_unclear,0.5,"{""the glimmerfox"": 4, ""the emberfox"": 2, ""the glimmer"": 1, ""the lumifawn"": 1, ""the lantern"": 1, ""meet the"": 1}",the glimmerfox,0.4,0.0,0.0,"{""the"": 9, ""meet"": 1}",the,0.9,1.3,1.0,1.3,1.0,3.4,4.0,3.8,3.5,10,"{""third"": 10}",third,1.0,"{""not_poem_like"": 5, ""free_verse_or_narrative"": 4, ""rhyme_heavy"": 1}",not_poem_like,0.5,0.2,0.0,0,0.0,0.0,6.4,6.5,1.0,1.0,"{""present"": 10}",present,1.0,7.0,7.5,0,0.788,0.8011,94.5,93.0
Model E,animal,lt5,"{""yes"": 10}",yes,1.0,"{""nature"": 6, ""light_dark"": 4}",nature,0.6,"{""serene"": 7, ""melancholic"": 2, ""romantic"": 1}",serene,0.7,"{""none_detected"": 6, ""loss"": 2, ""discovery"": 1, ""creation"": 1}",none_detected,0.6,"{""natural"": 9, ""none_detected"": 1}",natural,0.9,"{""neutral_or_unclear"": 6, ""positive"": 2, ""negative"": 2}",neutral_or_unclear,0.6,"{""the glimmerfox"": 4, ""the glimfox"": 2, ""the lumafox"": 1, ""meet the"": 1, ""i created"": 1, ""the glimberfox"": 1}",the glimmerfox,0.4,0.1,0.0,"{""the"": 8, ""meet"": 1, ""i"": 1}",the,0.8,1.6,1.5,0.7,0.5,1.5,1.0,1.0,1.0,10,"{""third"": 10}",third,1.0,"{""not_poem_like"": 10}",not_poem_like,1.0,0.0,0.0,0,0.0,0.0,3.2,3.0,1.0,1.0,"{""present"": 10}",present,1.0,2.8,3.0,0,0.8477,0.8317,52.2,53.0
Model E,animal,open,"{""not_applicable"": 10}",not_applicable,1.0,"{""light_dark"": 9, ""nature"": 1}",light_dark,0.9,"{""serene"": 10}",serene,1.0,"{""none_detected"": 3, ""transformation"": 2, ""survival"": 2, ""loss"": 1, ""escape"": 1, ""creation"": 1}",none_detected,0.3,"{""natural"": 9, ""cosmic"": 1}",natural,0.9,"{""neutral_or_unclear"": 5, ""positive"": 3, ""bittersweet"": 1, ""twist_or_turn"": 1}",neutral_or_unclear,0.5,"{""here's an"": 10}",here's an,1.0,0.7,1.0,"{""here's"": 10}",here's,1.0,2.1,2.0,3.4,3.5,9.7,10.0,8.8,10.0,10,"{""third"": 10}",third,1.0,"{""free_verse_or_narrative"": 6, ""rhyme_heavy"": 4}",free_verse_or_narrative,0.6,0.7,1.0,0,0.7,1.0,8.1,8.0,5.4,5.0,"{""present"": 10}",present,1.0,9.5,9.0,0,0.7229,0.7308,163.1,162.0
Model E,poem,lt10,"{""yes"": 10}",yes,1.0,"{""nature"": 7, ""light_dark"": 3}",nature,0.7,"{""serene"": 7, ""inspirational"": 2, ""melancholic"": 1}",serene,0.7,"{""discovery"": 4, ""none_detected"": 3, ""loss"": 1, ""creation"": 1, ""escape"": 1}",discovery,0.4,"{""natural"": 10}",natural,1.0,"{""neutral_or_unclear"": 4, ""negative"": 3, ""bittersweet"": 1, ""twist_or_turn"": 1, ""positive"": 1}",neutral_or_unclear,0.4,"{""moonlight drifts"": 3, ""moonlight spills"": 3, ""moonlight threads"": 1, ""beneath the"": 1, ""moonlight folds"": 1, ""moonlight gathers"": 1}",moonlight drifts,0.3,0.1,0.0,"{""moonlight"": 9, ""beneath"": 1}",moonlight,0.9,0.1,0.0,0.0,0.0,0.0,0.0,7.0,7.0,10,"{""none_detected"": 6, ""third"": 3, ""first"": 1}",none_detected,0.6,"{""rhyme_heavy"": 8, ""lyric_or_imagistic"": 1, ""free_verse_or_narrative"": 1}",rhyme_heavy,0.8,0.0,0.0,0,0.0,0.0,3.3,3.0,1.1,1.0,"{""present"": 10}",present,1.0,0.6,0.0,0,0.8891,0.866,46.5,44.5
Model E,poem,lt5,"{""yes"": 10}",yes,1.0,"{""nature"": 6, ""light_dark"": 4}",nature,0.6,"{""serene"": 5, ""inspirational"": 4, ""melancholic"": 1}",serene,0.5,"{""none_detected"": 7, ""reunion"": 2, ""escape"": 1}",none_detected,0.7,"{""natural"": 10}",natural,1.0,"{""neutral_or_unclear"": 7, ""positive"": 3}",neutral_or_unclear,0.7,"{""moonlight drifts"": 4, ""moonlight stitches"": 2, ""moonlight spills"": 2, ""morning spills"": 1, ""moonlight rests"": 1}",moonlight drifts,0.4,0.0,0.0,"{""moonlight"": 9, ""morning"": 1}",moonlight,0.9,0.0,0.0,0.0,0.0,0.0,0.0,4.0,4.0,10,"{""none_detected"": 9, ""second"": 1}",none_detected,0.9,"{""rhyme_heavy"": 9, ""lyric_or_imagistic"": 1}",rhyme_heavy,0.9,0.0,0.0,0,0.1,0.0,1.5,1.5,1.0,1.0,"{""present"": 10}",present,1.0,0.0,0.0,0,0.9646,0.9583,23.4,23.0
Model E,poem,open,"{""not_applicable"": 10}",not_applicable,1.0,"{""light_dark"": 6, ""nature"": 4}",light_dark,0.6,"{""melancholic"": 5, ""serene"": 4, ""wistful"": 1}",melancholic,0.5,"{""none_detected"": 3, ""escape"": 3, ""loss"": 2, ""transformation"": 1, ""discovery"": 1}",none_detected,0.3,"{""natural"": 9, ""domestic"": 1}",natural,0.9,"{""negative"": 8, ""neutral_or_unclear"": 1, ""bittersweet"": 1}",negative,0.8,"{""of course"": 5, ""sure here's"": 4, ""moonlight spills"": 1}",of course,0.5,2.1,2.0,"{""of"": 5, ""sure"": 4, ""moonlight"": 1}",of,0.5,0.8,0.5,0.0,0.0,0.0,0.0,19.9,20.0,10,"{""third"": 6, ""first"": 3, ""none_detected"": 1}",third,0.6,"{""rhyme_heavy"": 8, ""lyric_or_imagistic"": 2}",rhyme_heavy,0.8,0.0,0.0,0,1.2,1.0,5.4,5.0,6.2,6.5,"{""present"": 10}",present,1.0,2.4,2.5,0,0.7684,0.7611,119.8,118.5
Model E,story,lt10,"{""yes"": 10}",yes,1.0,"{""nature"": 6, ""seasons_time"": 2, ""light_dark"": 1, ""memory"": 1}",nature,0.6,"{""serene"": 3, ""wistful"": 3, ""melancholic"": 2, ""adventurous"": 1, ""eerie"": 1}",serene,0.3,"{""discovery"": 10}",discovery,1.0,"{""natural"": 5, ""domestic"": 4, ""urban"": 1}",natural,0.5,"{""positive"": 4, ""twist_or_turn"": 3, ""negative"": 2, ""bittersweet"": 1}",positive,0.4,"{""on the"": 7, ""at the"": 2, ""at midnight"": 1}",on the,0.7,0.1,0.0,"{""on"": 7, ""at"": 3}",on,0.7,1.9,2.0,0.0,0.0,0.0,0.0,7.2,7.0,10,"{""third"": 10}",third,1.0,"{""free_verse_or_narrative"": 9, ""rhyme_heavy"": 1}",free_verse_or_narrative,0.9,0.0,0.0,0,0.2,0.0,6.9,7.0,1.0,1.0,"{""past"": 10}",past,1.0,12.4,12.5,0,0.6676,0.6706,148.0,150.5
Model E,story,lt5,"{""yes"": 10}",yes,1.0,"{""nature"": 6, ""light_dark"": 3, ""memory"": 1}",nature,0.6,"{""wistful"": 5, ""melancholic"": 2, ""adventurous"": 1, ""eerie"": 1, ""serene"": 1}",wistful,0.5,"{""discovery"": 9, ""loss"": 1}",discovery,0.9,"{""domestic"": 5, ""natural"": 3, ""urban"": 2}",domestic,0.5,"{""positive"": 5, ""negative"": 4, ""twist_or_turn"": 1}",positive,0.5,"{""at dusk"": 4, ""at dawn"": 3, ""on the"": 2, ""at midnight"": 1}",at dusk,0.4,0.0,0.0,"{""at"": 8, ""on"": 2}",at,0.8,1.2,1.0,0.0,0.0,0.0,0.0,1.3,1.0,10,"{""third"": 10}",third,1.0,"{""not_poem_like"": 9, ""free_verse_or_narrative"": 1}",not_poem_like,0.9,0.0,0.0,0,0.1,0.0,3.5,4.0,1.0,1.0,"{""past"": 10}",past,1.0,7.9,7.5,0,0.7577,0.7542,82.1,84.0
Model E,story,open,"{""not_applicable"": 10}",not_applicable,1.0,"{""nature"": 6, ""memory"": 2, ""body"": 1, ""light_dark"": 1}",nature,0.6,"{""wistful"": 5, ""serene"": 3, ""inspirational"": 1, ""romantic"": 1}",wistful,0.5,"{""discovery"": 4, ""observation"": 3, ""loss"": 2, ""escape"": 1}",discovery,0.4,"{""natural"": 9, ""urban"": 1}",natural,0.9,"{""twist_or_turn"": 5, ""neutral_or_unclear"": 2, ""negative"": 1, ""bittersweet"": 1, ""positive"": 1}",twist_or_turn,0.5,"{""on the"": 6, ""the lanterns"": 1, ""at the"": 1, ""of course"": 1, ""the rain"": 1}",on the,0.6,1.0,0.5,"{""on"": 6, ""the"": 2, ""at"": 1, ""of"": 1}",on,0.6,3.3,3.0,0.0,0.0,0.0,0.0,16.2,16.0,10,"{""third"": 10}",third,1.0,"{""free_verse_or_narrative"": 10}",free_verse_or_narrative,1.0,0.0,0.0,0,2.4,2.0,25.4,25.5,16.1,16.0,"{""past"": 9, ""mixed"": 1}",past,0.9,23.6,24.0,0.8,0.5942,0.5926,320.4,321.5
Model F,animal,lt10,"{""yes"": 10}",yes,1.0,"{""light_dark"": 6, ""nature"": 4}",light_dark,0.6,"{""serene"": 10}",serene,1.0,"{""discovery"": 3, ""none_detected"": 3, ""survival"": 2, ""reunion"": 1, ""escape"": 1}",discovery,0.3,"{""natural"": 10}",natural,1.0,"{""neutral_or_unclear"": 6, ""positive"": 3, ""twist_or_turn"": 1}",neutral_or_unclear,0.6,"{""the flutterwing"": 4, ""the glimmerwing"": 3, ""the lumimoth"": 1, ""the luminox"": 1, ""the whisperwing"": 1}",the flutterwing,0.4,0.0,0.0,"{""the"": 10}",the,1.0,2.5,2.5,2.8,2.5,4.3,5.0,2.0,2.0,10,"{""third"": 10}",third,1.0,"{""not_poem_like"": 10}",not_poem_like,1.0,0.7,1.0,0,0.0,0.0,6.8,7.0,2.0,2.0,"{""present"": 10}",present,1.0,7.5,7.5,0,0.7339,0.7315,131.5,130.5
Model F,animal,lt5,"{""yes"": 9, ""no"": 1}",yes,0.9,"{""light_dark"": 7, ""nature"": 2, ""body"": 1}",light_dark,0.7,"{""serene"": 9, ""melancholic"": 1}",serene,0.9,"{""none_detected"": 7, ""survival"": 2, ""transformation"": 1}",none_detected,0.7,"{""natural"": 8, ""domestic"": 1, ""none_detected"": 1}",natural,0.8,"{""positive"": 4, ""neutral_or_unclear"": 4, ""twist_or_turn"": 2}",positive,0.4,"{""the lumimoth"": 4, ""the glimmerwing"": 3, ""the glimmerwhisk"": 1, ""the luminox"": 1, ""the whisperwhisk"": 1}",the lumimoth,0.4,0.0,0.0,"{""the"": 10}",the,1.0,1.1,1.0,1.6,1.5,2.7,3.0,2.0,2.0,10,"{""third"": 10}",third,1.0,"{""not_poem_like"": 10}",not_poem_like,1.0,0.8,1.0,0,0.1,0.0,4.1,4.0,2.0,2.0,"{""present"": 10}",present,1.0,5.2,5.0,0,0.7765,0.7884,85.0,85.0
Model F,animal,open,"{""not_applicable"": 10}",not_applicable,1.0,"{""light_dark"": 9, ""body"": 1}",light_dark,0.9,"{""serene"": 10}",serene,1.0,"{""discovery"": 5, ""none_detected"": 3, ""transformation"": 1, ""loss"": 1}",discovery,0.5,"{""natural"": 5, ""cosmic"": 2, ""domestic"": 2, ""none_detected"": 1}",natural,0.5,"{""neutral_or_unclear"": 5, ""bittersweet"": 2, ""positive"": 2, ""negative"": 1}",neutral_or_unclear,0.5,"{""the luminox"": 6, ""the glimmerwing"": 1, ""the lumimoth"": 1, ""the whisperwhisk"": 1, ""the shimmerwhisk"": 1}",the luminox,0.6,0.0,0.0,"{""the"": 10}",the,1.0,3.4,3.0,3.3,2.5,15.7,16.0,13.3,14.0,10,"{""third"": 10}",third,1.0,"{""free_verse_or_narrative"": 8, ""rhyme_heavy"": 2}",free_verse_or_narrative,0.8,0.9,1.0,0,0.0,0.0,8.2,8.0,5.8,6.0,"{""present"": 10}",present,1.0,9.1,9.5,0,0.7456,0.7436,186.1,182.5
Model F,poem,lt10,"{""yes"": 10}",yes,1.0,"{""light_dark"": 6, ""nature"": 4}",light_dark,0.6,"{""serene"": 9, ""inspirational"": 1}",serene,0.9,"{""none_detected"": 4, ""transformation"": 2, ""loss"": 1, ""discovery"": 1, ""escape"": 1, ""creation"": 1}",none_detected,0.4,"{""natural"": 10}",natural,1.0,"{""neutral_or_unclear"": 7, ""positive"": 2, ""bittersweet"": 1}",neutral_or_unclear,0.7,"{""whispers the"": 2, ""whispers of"": 2, ""whispers morning"": 2, ""whisper of"": 1, ""morning light"": 1, ""whispers autumn"": 1, ""silent snow"": 1}",whispers the,0.2,0.6,0.0,"{""whispers"": 7, ""whisper"": 1, ""morning"": 1, ""silent"": 1}",whispers,0.7,0.1,0.0,0.0,0.0,0.0,0.0,7.4,7.0,10,"{""none_detected"": 5, ""first"": 4, ""third"": 1}",none_detected,0.5,"{""lyric_or_imagistic"": 5, ""rhyme_heavy"": 5}",lyric_or_imagistic,0.5,0.0,0.0,0,0.0,0.0,1.9,2.0,2.0,2.0,"{""present"": 10}",present,1.0,0.1,0.0,0,0.9204,0.9161,40.2,41.0
Model F,poem,lt5,"{""yes"": 10}",yes,1.0,"{""light_dark"": 5, ""nature"": 3, ""body"": 1, ""memory"": 1}",light_dark,0.5,"{""eerie"": 5, ""serene"": 4, ""wistful"": 1}",eerie,0.5,"{""none_detected"": 6, ""escape"": 2, ""discovery"": 1, ""loss"": 1}",none_detected,0.6,"{""natural"": 6, ""cosmic"": 3, ""historical"": 1}",natural,0.6,"{""neutral_or_unclear"": 7, ""positive"": 1, ""bittersweet"": 1, ""negative"": 1}",neutral_or_unclear,0.7,"{""whisper moonlight"": 4, ""whisper stars"": 2, ""whispers of"": 1, ""morning light"": 1, ""moonlight silver"": 1, ""whisper autumn"": 1}",whisper moonlight,0.4,0.2,0.0,"{""whisper"": 7, ""whispers"": 1, ""morning"": 1, ""moonlight"": 1}",whisper,0.7,0.1,0.0,0.0,0.0,0.0,0.0,4.2,4.0,10,"{""none_detected"": 7, ""first"": 2, ""third"": 1}",none_detected,0.7,"{""lyric_or_imagistic"": 6, ""rhyme_heavy"": 4}",lyric_or_imagistic,0.6,0.0,0.0,0,0.0,0.0,1.1,1.0,2.0,2.0,"{""present"": 10}",present,1.0,0.1,0.0,0,0.9766,1.0,18.9,18.0
Model F,poem,open,"{""not_applicable"": 10}",not_applicable,1.0,"{""nature"": 6, ""light_dark"": 4}",nature,0.6,"{""serene"": 10}",serene,1.0,"{""escape"": 5, ""discovery"": 3, ""loss"": 1, ""creation"": 1}",escape,0.5,"{""natural"": 9, ""domestic"": 1}",natural,0.9,"{""positive"": 6, ""neutral_or_unclear"": 2, ""negative"": 1, ""bittersweet"": 1}",positive,0.6,"{""whispers of"": 9, ""quiet morning"": 1}",whispers of,0.9,2.5,2.5,"{""whispers"": 9, ""quiet"": 1}",whispers,0.9,0.3,0.0,0.0,0.0,0.0,0.0,16.6,17.0,10,"{""first"": 5, ""third"": 3, ""mixed"": 1, ""second"": 1}",first,0.5,"{""rhyme_heavy"": 10}",rhyme_heavy,1.0,0.0,0.0,0,0.5,0.0,3.9,4.0,4.9,5.0,"{""present"": 10}",present,1.0,1.6,2.0,0,0.7658,0.7673,103.0,104.0
Model F,story,lt10,"{""yes"": 10}",yes,1.0,"{""memory"": 8, ""nature"": 1, ""light_dark"": 1}",memory,0.8,"{""romantic"": 3, ""wistful"": 3, ""melancholic"": 2, ""inspirational"": 1, ""serene"": 1}",romantic,0.3,"{""discovery"": 5, ""loss"": 5}",discovery,0.5,"{""domestic"": 5, ""none_detected"": 2, ""urban"": 1, ""natural"": 1, ""historical"": 1}",domestic,0.5,"{""positive"": 5, ""negative"": 4, ""bittersweet"": 1}",positive,0.5,"{""the last"": 8, ""the lost"": 2}",the last,0.8,0.3,0.0,"{""the"": 10}",the,1.0,1.9,1.5,0.0,0.0,0.0,0.0,2.0,2.0,10,"{""third"": 10}",third,1.0,"{""not_poem_like"": 10}",not_poem_like,1.0,0.0,0.0,0,0.3,0.0,6.6,7.0,2.0,2.0,"{""mixed"": 7, ""past"": 3}",mixed,0.7,13.6,13.5,0,0.6973,0.6892,147.2,147.0
Model F,story,lt5,"{""no"": 5, ""yes"": 5}",no,0.5,"{""memory"": 5, ""light_dark"": 3, ""seasons_time"": 1, ""body"": 1}",memory,0.5,"{""serene"": 3, ""adventurous"": 2, ""romantic"": 2, ""wistful"": 1, ""melancholic"": 1, ""inspirational"": 1}",serene,0.3,"{""loss"": 5, ""discovery"": 5}",loss,0.5,"{""domestic"": 6, ""natural"": 3, ""historical"": 1}",domestic,0.6,"{""positive"": 4, ""negative"": 3, ""bittersweet"": 1, ""twist_or_turn"": 1, ""neutral_or_unclear"": 1}",positive,0.4,"{""the last"": 5, ""the lighthouse"": 4, ""the lost"": 1}",the last,0.5,0.5,0.0,"{""the"": 10}",the,1.0,1.9,2.0,0.0,0.0,0.0,0.0,2.0,2.0,10,"{""third"": 10}",third,1.0,"{""not_poem_like"": 10}",not_poem_like,1.0,0.0,0.0,0.1,0.3,0.0,4.3,4.5,2.0,2.0,"{""past"": 6, ""mixed"": 4}",past,0.6,9.0,9.0,0,0.7523,0.7669,108.5,108.0
Model F,story,open,"{""not_applicable"": 10}",not_applicable,1.0,"{""memory"": 5, ""seasons_time"": 3, ""body"": 2}",memory,0.5,"{""wistful"": 4, ""inspirational"": 3, ""melancholic"": 1, ""romantic"": 1, ""serene"": 1}",wistful,0.4,"{""loss"": 7, ""discovery"": 2, ""observation"": 1}",loss,0.7,"{""urban"": 5, ""natural"": 2, ""domestic"": 2, ""historical"": 1}",urban,0.5,"{""twist_or_turn"": 5, ""positive"": 3, ""bittersweet"": 2}",twist_or_turn,0.5,"{""the last"": 9, ""the lost"": 1}",the last,0.9,6.8,5.5,"{""the"": 10}",the,1.0,2.2,2.0,0.0,0.0,0.0,0.0,14.6,14.5,10,"{""third"": 8, ""first"": 2}",third,0.8,"{""free_verse_or_narrative"": 10}",free_verse_or_narrative,1.0,0.0,0.0,0,4.1,3.5,23.0,22.5,14.4,14.5,"{""mixed"": 5, ""past"": 5}",mixed,0.5,18.7,17.5,0.1,0.6331,0.6332,251.1,248.5
